--
-- PostgreSQL database dump
--

-- Dumped from database version 14.15 (Homebrew)
-- Dumped by pg_dump version 14.15 (Homebrew)

SET statement_timeout = 0;
SET lock_timeout = 0;
SET idle_in_transaction_session_timeout = 0;
SET client_encoding = 'UTF8';
SET standard_conforming_strings = on;
SELECT pg_catalog.set_config('search_path', '', false);
SET check_function_bodies = false;
SET xmloption = content;
SET client_min_messages = warning;
SET row_security = off;

SET default_tablespace = '';

SET default_table_access_method = heap;

--
-- Name: auth_group; Type: TABLE; Schema: public; Owner: auto_admin
--

CREATE TABLE public.auth_group (
    id integer NOT NULL,
    name character varying(150) NOT NULL
);


ALTER TABLE public.auth_group OWNER TO auto_admin;

--
-- Name: auth_group_id_seq; Type: SEQUENCE; Schema: public; Owner: auto_admin
--

ALTER TABLE public.auth_group ALTER COLUMN id ADD GENERATED BY DEFAULT AS IDENTITY (
    SEQUENCE NAME public.auth_group_id_seq
    START WITH 1
    INCREMENT BY 1
    NO MINVALUE
    NO MAXVALUE
    CACHE 1
);


--
-- Name: auth_group_permissions; Type: TABLE; Schema: public; Owner: auto_admin
--

CREATE TABLE public.auth_group_permissions (
    id bigint NOT NULL,
    group_id integer NOT NULL,
    permission_id integer NOT NULL
);


ALTER TABLE public.auth_group_permissions OWNER TO auto_admin;

--
-- Name: auth_group_permissions_id_seq; Type: SEQUENCE; Schema: public; Owner: auto_admin
--

ALTER TABLE public.auth_group_permissions ALTER COLUMN id ADD GENERATED BY DEFAULT AS IDENTITY (
    SEQUENCE NAME public.auth_group_permissions_id_seq
    START WITH 1
    INCREMENT BY 1
    NO MINVALUE
    NO MAXVALUE
    CACHE 1
);


--
-- Name: auth_permission; Type: TABLE; Schema: public; Owner: auto_admin
--

CREATE TABLE public.auth_permission (
    id integer NOT NULL,
    name character varying(255) NOT NULL,
    content_type_id integer NOT NULL,
    codename character varying(100) NOT NULL
);


ALTER TABLE public.auth_permission OWNER TO auto_admin;

--
-- Name: auth_permission_id_seq; Type: SEQUENCE; Schema: public; Owner: auto_admin
--

ALTER TABLE public.auth_permission ALTER COLUMN id ADD GENERATED BY DEFAULT AS IDENTITY (
    SEQUENCE NAME public.auth_permission_id_seq
    START WITH 1
    INCREMENT BY 1
    NO MINVALUE
    NO MAXVALUE
    CACHE 1
);


--
-- Name: auth_user; Type: TABLE; Schema: public; Owner: auto_admin
--

CREATE TABLE public.auth_user (
    id integer NOT NULL,
    password character varying(128) NOT NULL,
    last_login timestamp with time zone,
    is_superuser boolean NOT NULL,
    username character varying(150) NOT NULL,
    first_name character varying(150) NOT NULL,
    last_name character varying(150) NOT NULL,
    email character varying(254) NOT NULL,
    is_staff boolean NOT NULL,
    is_active boolean NOT NULL,
    date_joined timestamp with time zone NOT NULL
);


ALTER TABLE public.auth_user OWNER TO auto_admin;

--
-- Name: auth_user_groups; Type: TABLE; Schema: public; Owner: auto_admin
--

CREATE TABLE public.auth_user_groups (
    id bigint NOT NULL,
    user_id integer NOT NULL,
    group_id integer NOT NULL
);


ALTER TABLE public.auth_user_groups OWNER TO auto_admin;

--
-- Name: auth_user_groups_id_seq; Type: SEQUENCE; Schema: public; Owner: auto_admin
--

ALTER TABLE public.auth_user_groups ALTER COLUMN id ADD GENERATED BY DEFAULT AS IDENTITY (
    SEQUENCE NAME public.auth_user_groups_id_seq
    START WITH 1
    INCREMENT BY 1
    NO MINVALUE
    NO MAXVALUE
    CACHE 1
);


--
-- Name: auth_user_id_seq; Type: SEQUENCE; Schema: public; Owner: auto_admin
--

ALTER TABLE public.auth_user ALTER COLUMN id ADD GENERATED BY DEFAULT AS IDENTITY (
    SEQUENCE NAME public.auth_user_id_seq
    START WITH 1
    INCREMENT BY 1
    NO MINVALUE
    NO MAXVALUE
    CACHE 1
);


--
-- Name: auth_user_user_permissions; Type: TABLE; Schema: public; Owner: auto_admin
--

CREATE TABLE public.auth_user_user_permissions (
    id bigint NOT NULL,
    user_id integer NOT NULL,
    permission_id integer NOT NULL
);


ALTER TABLE public.auth_user_user_permissions OWNER TO auto_admin;

--
-- Name: auth_user_user_permissions_id_seq; Type: SEQUENCE; Schema: public; Owner: auto_admin
--

ALTER TABLE public.auth_user_user_permissions ALTER COLUMN id ADD GENERATED BY DEFAULT AS IDENTITY (
    SEQUENCE NAME public.auth_user_user_permissions_id_seq
    START WITH 1
    INCREMENT BY 1
    NO MINVALUE
    NO MAXVALUE
    CACHE 1
);


--
-- Name: django_admin_log; Type: TABLE; Schema: public; Owner: auto_admin
--

CREATE TABLE public.django_admin_log (
    id integer NOT NULL,
    action_time timestamp with time zone NOT NULL,
    object_id text,
    object_repr character varying(200) NOT NULL,
    action_flag smallint NOT NULL,
    change_message text NOT NULL,
    content_type_id integer,
    user_id integer NOT NULL,
    CONSTRAINT django_admin_log_action_flag_check CHECK ((action_flag >= 0))
);


ALTER TABLE public.django_admin_log OWNER TO auto_admin;

--
-- Name: django_admin_log_id_seq; Type: SEQUENCE; Schema: public; Owner: auto_admin
--

ALTER TABLE public.django_admin_log ALTER COLUMN id ADD GENERATED BY DEFAULT AS IDENTITY (
    SEQUENCE NAME public.django_admin_log_id_seq
    START WITH 1
    INCREMENT BY 1
    NO MINVALUE
    NO MAXVALUE
    CACHE 1
);


--
-- Name: django_content_type; Type: TABLE; Schema: public; Owner: auto_admin
--

CREATE TABLE public.django_content_type (
    id integer NOT NULL,
    app_label character varying(100) NOT NULL,
    model character varying(100) NOT NULL
);


ALTER TABLE public.django_content_type OWNER TO auto_admin;

--
-- Name: django_content_type_id_seq; Type: SEQUENCE; Schema: public; Owner: auto_admin
--

ALTER TABLE public.django_content_type ALTER COLUMN id ADD GENERATED BY DEFAULT AS IDENTITY (
    SEQUENCE NAME public.django_content_type_id_seq
    START WITH 1
    INCREMENT BY 1
    NO MINVALUE
    NO MAXVALUE
    CACHE 1
);


--
-- Name: django_migrations; Type: TABLE; Schema: public; Owner: auto_admin
--

CREATE TABLE public.django_migrations (
    id bigint NOT NULL,
    app character varying(255) NOT NULL,
    name character varying(255) NOT NULL,
    applied timestamp with time zone NOT NULL
);


ALTER TABLE public.django_migrations OWNER TO auto_admin;

--
-- Name: django_migrations_id_seq; Type: SEQUENCE; Schema: public; Owner: auto_admin
--

ALTER TABLE public.django_migrations ALTER COLUMN id ADD GENERATED BY DEFAULT AS IDENTITY (
    SEQUENCE NAME public.django_migrations_id_seq
    START WITH 1
    INCREMENT BY 1
    NO MINVALUE
    NO MAXVALUE
    CACHE 1
);


--
-- Name: django_session; Type: TABLE; Schema: public; Owner: auto_admin
--

CREATE TABLE public.django_session (
    session_key character varying(40) NOT NULL,
    session_data text NOT NULL,
    expire_date timestamp with time zone NOT NULL
);


ALTER TABLE public.django_session OWNER TO auto_admin;

--
-- Name: equipment_equipment; Type: TABLE; Schema: public; Owner: auto_admin
--

CREATE TABLE public.equipment_equipment (
    id bigint NOT NULL,
    equipment_type character varying(2) NOT NULL,
    name text,
    tip text,
    zav_nomer text,
    inv_nomer text,
    reg_nomer text,
    kol_vo integer NOT NULL,
    klass_toch text,
    predel text,
    period_poverk text,
    category_si text,
    organ_poverk text,
    data_poverk date,
    srok_poverk date,
    other text,
    CONSTRAINT equipment_equipment_kol_vo_check CHECK ((kol_vo >= 0))
);


ALTER TABLE public.equipment_equipment OWNER TO auto_admin;

--
-- Name: equipment_equipment_id_seq; Type: SEQUENCE; Schema: public; Owner: auto_admin
--

ALTER TABLE public.equipment_equipment ALTER COLUMN id ADD GENERATED BY DEFAULT AS IDENTITY (
    SEQUENCE NAME public.equipment_equipment_id_seq
    START WITH 1
    INCREMENT BY 1
    NO MINVALUE
    NO MAXVALUE
    CACHE 1
);


--
-- Name: equipment_equipmentgroup; Type: TABLE; Schema: public; Owner: auto_admin
--

CREATE TABLE public.equipment_equipmentgroup (
    id bigint NOT NULL,
    name character varying(255) NOT NULL,
    description text,
    conditions jsonb NOT NULL,
    created_at timestamp with time zone NOT NULL
);


ALTER TABLE public.equipment_equipmentgroup OWNER TO auto_admin;

--
-- Name: equipment_equipmentgroup_equipment; Type: TABLE; Schema: public; Owner: auto_admin
--

CREATE TABLE public.equipment_equipmentgroup_equipment (
    id bigint NOT NULL,
    equipmentgroup_id bigint NOT NULL,
    equipment_id bigint NOT NULL
);


ALTER TABLE public.equipment_equipmentgroup_equipment OWNER TO auto_admin;

--
-- Name: equipment_equipmentgroup_equipment_id_seq; Type: SEQUENCE; Schema: public; Owner: auto_admin
--

ALTER TABLE public.equipment_equipmentgroup_equipment ALTER COLUMN id ADD GENERATED BY DEFAULT AS IDENTITY (
    SEQUENCE NAME public.equipment_equipmentgroup_equipment_id_seq
    START WITH 1
    INCREMENT BY 1
    NO MINVALUE
    NO MAXVALUE
    CACHE 1
);


--
-- Name: equipment_equipmentgroup_id_seq; Type: SEQUENCE; Schema: public; Owner: auto_admin
--

ALTER TABLE public.equipment_equipmentgroup ALTER COLUMN id ADD GENERATED BY DEFAULT AS IDENTITY (
    SEQUENCE NAME public.equipment_equipmentgroup_id_seq
    START WITH 1
    INCREMENT BY 1
    NO MINVALUE
    NO MAXVALUE
    CACHE 1
);


--
-- Name: organization_organization; Type: TABLE; Schema: public; Owner: auto_admin
--

CREATE TABLE public.organization_organization (
    id bigint NOT NULL,
    name character varying(255),
    shortname character varying(255),
    inn character varying(12),
    kpp character varying(12),
    ogrn character varying(15),
    legal_address text,
    actual_address text,
    checking_account character varying(20),
    correspondent_account character varying(20),
    namebank text,
    bik character varying(9),
    email character varying(20),
    phone character varying(20),
    website character varying(20),
    accreditation_number character varying(100)
);


ALTER TABLE public.organization_organization OWNER TO auto_admin;

--
-- Name: organization_organization_id_seq; Type: SEQUENCE; Schema: public; Owner: auto_admin
--

ALTER TABLE public.organization_organization ALTER COLUMN id ADD GENERATED BY DEFAULT AS IDENTITY (
    SEQUENCE NAME public.organization_organization_id_seq
    START WITH 1
    INCREMENT BY 1
    NO MINVALUE
    NO MAXVALUE
    CACHE 1
);


--
-- Name: vehicles_customerdata; Type: TABLE; Schema: public; Owner: auto_admin
--

CREATE TABLE public.vehicles_customerdata (
    id bigint NOT NULL,
    legal_address text NOT NULL,
    actual_address text NOT NULL,
    receipt_date date,
    customer_infos text,
    vehicle_id bigint NOT NULL,
    custom_info text NOT NULL
);


ALTER TABLE public.vehicles_customerdata OWNER TO auto_admin;

--
-- Name: vehicles_electricmachine; Type: TABLE; Schema: public; Owner: auto_admin
--

CREATE TABLE public.vehicles_electricmachine (
    id bigint NOT NULL,
    brand character varying(100) NOT NULL,
    machine_type character varying(100) NOT NULL,
    voltage integer,
    max_power_30min numeric(6,1),
    vehicle_id bigint NOT NULL,
    CONSTRAINT vehicles_electricmachine_voltage_check CHECK ((voltage >= 0))
);


ALTER TABLE public.vehicles_electricmachine OWNER TO auto_admin;

--
-- Name: vehicles_electricmachine_id_seq; Type: SEQUENCE; Schema: public; Owner: auto_admin
--

ALTER TABLE public.vehicles_electricmachine ALTER COLUMN id ADD GENERATED BY DEFAULT AS IDENTITY (
    SEQUENCE NAME public.vehicles_electricmachine_id_seq
    START WITH 1
    INCREMENT BY 1
    NO MINVALUE
    NO MAXVALUE
    CACHE 1
);


--
-- Name: vehicles_electricmotor; Type: TABLE; Schema: public; Owner: auto_admin
--

CREATE TABLE public.vehicles_electricmotor (
    id bigint NOT NULL,
    brand character varying(100) NOT NULL,
    motor_type character varying(100) NOT NULL,
    voltage integer,
    max_power_30min numeric(6,1),
    vehicle_id bigint NOT NULL,
    CONSTRAINT vehicles_electricmotor_voltage_check CHECK ((voltage >= 0))
);


ALTER TABLE public.vehicles_electricmotor OWNER TO auto_admin;

--
-- Name: vehicles_electricmotor_id_seq; Type: SEQUENCE; Schema: public; Owner: auto_admin
--

ALTER TABLE public.vehicles_electricmotor ALTER COLUMN id ADD GENERATED BY DEFAULT AS IDENTITY (
    SEQUENCE NAME public.vehicles_electricmotor_id_seq
    START WITH 1
    INCREMENT BY 1
    NO MINVALUE
    NO MAXVALUE
    CACHE 1
);


--
-- Name: vehicles_seatrow; Type: TABLE; Schema: public; Owner: auto_admin
--

CREATE TABLE public.vehicles_seatrow (
    id bigint NOT NULL,
    row_number smallint NOT NULL,
    seat_count smallint NOT NULL,
    vehicle_id bigint NOT NULL,
    CONSTRAINT vehicles_seatrow_row_number_check CHECK ((row_number >= 0)),
    CONSTRAINT vehicles_seatrow_seat_count_check CHECK ((seat_count >= 0))
);


ALTER TABLE public.vehicles_seatrow OWNER TO auto_admin;

--
-- Name: vehicles_seatrow_id_seq; Type: SEQUENCE; Schema: public; Owner: auto_admin
--

ALTER TABLE public.vehicles_seatrow ALTER COLUMN id ADD GENERATED BY DEFAULT AS IDENTITY (
    SEQUENCE NAME public.vehicles_seatrow_id_seq
    START WITH 1
    INCREMENT BY 1
    NO MINVALUE
    NO MAXVALUE
    CACHE 1
);


--
-- Name: vehicles_testdata; Type: TABLE; Schema: public; Owner: auto_admin
--

CREATE TABLE public.vehicles_testdata (
    id bigint NOT NULL,
    test_address text,
    test_date date,
    temperature text,
    humidity text,
    pressure text,
    additional_info text,
    additional_info_two text,
    vehicle_id bigint NOT NULL
);


ALTER TABLE public.vehicles_testdata OWNER TO auto_admin;

--
-- Name: vehicles_testdata_id_seq; Type: SEQUENCE; Schema: public; Owner: auto_admin
--

ALTER TABLE public.vehicles_testdata ALTER COLUMN id ADD GENERATED BY DEFAULT AS IDENTITY (
    SEQUENCE NAME public.vehicles_testdata_id_seq
    START WITH 1
    INCREMENT BY 1
    NO MINVALUE
    NO MAXVALUE
    CACHE 1
);


--
-- Name: vehicles_vehicle; Type: TABLE; Schema: public; Owner: auto_admin
--

CREATE TABLE public.vehicles_vehicle (
    id bigint NOT NULL,
    brand character varying(100) NOT NULL,
    vin character varying(17) NOT NULL,
    engine_number character varying(100) NOT NULL,
    body_number character varying(100) NOT NULL,
    fuel_type character varying(20) NOT NULL,
    additional_equipment text NOT NULL,
    assembly_plant character varying(200) NOT NULL,
    assembly_plant_address text NOT NULL,
    axis_1_weight integer,
    axis_2_weight integer,
    axis_3_weight integer,
    axis_4_weight integer,
    backup_brake_system text NOT NULL,
    body_type character varying(20) NOT NULL,
    cabin_description text NOT NULL,
    cabin_type character varying(20) NOT NULL,
    cargo_space_description text NOT NULL,
    cargo_space_type character varying(20) NOT NULL,
    chassis character varying(100) NOT NULL,
    clutch character varying(200) NOT NULL,
    color character varying(20) NOT NULL,
    color_shade character varying(50) NOT NULL,
    commercial_name character varying(200) NOT NULL,
    compression_ratio numeric(4,1),
    country_code character varying(3) NOT NULL,
    curb_weight integer,
    cylinder_arrangement character varying(20) NOT NULL,
    cylinder_count smallint,
    door_count smallint,
    drive_layout character varying(3) NOT NULL,
    driving_wheels character varying(5) NOT NULL,
    eco_class character varying(1) NOT NULL,
    energy_storage character varying(20) NOT NULL,
    energy_storage_description text NOT NULL,
    engine_displacement integer,
    engine_position character varying(20) NOT NULL,
    exhaust_system text NOT NULL,
    export_country character varying(100) NOT NULL,
    fifth_wheel_load integer,
    frame_number character varying(100) NOT NULL,
    front_suspension text NOT NULL,
    front_tires character varying(50) NOT NULL,
    front_track integer,
    fuel_system text NOT NULL,
    gearbox character varying(200) NOT NULL,
    height integer,
    hybrid_description text NOT NULL,
    hybrid_energy_storage character varying(20) NOT NULL,
    hybrid_energy_storage_description text NOT NULL,
    ice_brand character varying(100) NOT NULL,
    ice_type character varying(100) NOT NULL,
    ignition_system text NOT NULL,
    length integer,
    manufacture_date date,
    manufacturer_actual_address text NOT NULL,
    manufacturer_legal_address text NOT NULL,
    manufacturer_name character varying(200) NOT NULL,
    manufacturing_country character varying(100) NOT NULL,
    max_power numeric(6,1),
    max_power_rpm integer,
    max_road_train_mass integer,
    max_weight integer,
    mileage integer,
    parking_brake_system text NOT NULL,
    rear_suspension text NOT NULL,
    rear_tires character varying(50) NOT NULL,
    rear_track integer,
    service_brake_system text NOT NULL,
    special_purpose character varying(200) NOT NULL,
    steering character varying(200) NOT NULL,
    total_seats smallint,
    trailer_mass_with_brakes integer,
    trailer_mass_without_brakes integer,
    transmission text NOT NULL,
    uveos_call_date date,
    uveos_number character varying(50) NOT NULL,
    vehicle_category character varying(50) NOT NULL,
    vehicle_type character varying(50) NOT NULL,
    wheel_formula character varying(3) NOT NULL,
    wheelbase integer,
    width integer,
    CONSTRAINT vehicles_vehicle_axis_1_weight_check CHECK ((axis_1_weight >= 0)),
    CONSTRAINT vehicles_vehicle_axis_2_weight_check CHECK ((axis_2_weight >= 0)),
    CONSTRAINT vehicles_vehicle_axis_3_weight_check CHECK ((axis_3_weight >= 0)),
    CONSTRAINT vehicles_vehicle_axis_4_weight_check CHECK ((axis_4_weight >= 0)),
    CONSTRAINT vehicles_vehicle_curb_weight_check CHECK ((curb_weight >= 0)),
    CONSTRAINT vehicles_vehicle_cylinder_count_check CHECK ((cylinder_count >= 0)),
    CONSTRAINT vehicles_vehicle_door_count_check CHECK ((door_count >= 0)),
    CONSTRAINT vehicles_vehicle_engine_displacement_check CHECK ((engine_displacement >= 0)),
    CONSTRAINT vehicles_vehicle_fifth_wheel_load_check CHECK ((fifth_wheel_load >= 0)),
    CONSTRAINT vehicles_vehicle_front_track_check CHECK ((front_track >= 0)),
    CONSTRAINT vehicles_vehicle_height_check CHECK ((height >= 0)),
    CONSTRAINT vehicles_vehicle_length_check CHECK ((length >= 0)),
    CONSTRAINT vehicles_vehicle_max_power_rpm_check CHECK ((max_power_rpm >= 0)),
    CONSTRAINT vehicles_vehicle_max_road_train_mass_check CHECK ((max_road_train_mass >= 0)),
    CONSTRAINT vehicles_vehicle_max_weight_check CHECK ((max_weight >= 0)),
    CONSTRAINT vehicles_vehicle_mileage_check CHECK ((mileage >= 0)),
    CONSTRAINT vehicles_vehicle_rear_track_check CHECK ((rear_track >= 0)),
    CONSTRAINT vehicles_vehicle_total_seats_check CHECK ((total_seats >= 0)),
    CONSTRAINT vehicles_vehicle_trailer_mass_with_brakes_check CHECK ((trailer_mass_with_brakes >= 0)),
    CONSTRAINT vehicles_vehicle_trailer_mass_without_brakes_check CHECK ((trailer_mass_without_brakes >= 0)),
    CONSTRAINT vehicles_vehicle_wheelbase_check CHECK ((wheelbase >= 0)),
    CONSTRAINT vehicles_vehicle_width_check CHECK ((width >= 0))
);


ALTER TABLE public.vehicles_vehicle OWNER TO auto_admin;

--
-- Name: vehicles_vehicle_id_seq; Type: SEQUENCE; Schema: public; Owner: auto_admin
--

ALTER TABLE public.vehicles_vehicle ALTER COLUMN id ADD GENERATED BY DEFAULT AS IDENTITY (
    SEQUENCE NAME public.vehicles_vehicle_id_seq
    START WITH 1
    INCREMENT BY 1
    NO MINVALUE
    NO MAXVALUE
    CACHE 1
);


--
-- Name: vehicles_vehiclephoto; Type: TABLE; Schema: public; Owner: auto_admin
--

CREATE TABLE public.vehicles_vehiclephoto (
    id bigint NOT NULL,
    image character varying(100) NOT NULL,
    description character varying(200) NOT NULL,
    uploaded_at timestamp with time zone NOT NULL,
    vehicle_id bigint NOT NULL
);


ALTER TABLE public.vehicles_vehiclephoto OWNER TO auto_admin;

--
-- Name: vehicles_vehiclephoto_id_seq; Type: SEQUENCE; Schema: public; Owner: auto_admin
--

ALTER TABLE public.vehicles_vehiclephoto ALTER COLUMN id ADD GENERATED BY DEFAULT AS IDENTITY (
    SEQUENCE NAME public.vehicles_vehiclephoto_id_seq
    START WITH 1
    INCREMENT BY 1
    NO MINVALUE
    NO MAXVALUE
    CACHE 1
);


--
-- Name: vehicles_vehicleprotocol; Type: TABLE; Schema: public; Owner: auto_admin
--

CREATE TABLE public.vehicles_vehicleprotocol (
    id bigint NOT NULL,
    protocol_type character varying(1) NOT NULL,
    docx_file character varying(100),
    pdf_file character varying(100),
    created_at timestamp with time zone NOT NULL,
    vehicle_id bigint NOT NULL
);


ALTER TABLE public.vehicles_vehicleprotocol OWNER TO auto_admin;

--
-- Name: vehicles_vehicleprotocol_id_seq; Type: SEQUENCE; Schema: public; Owner: auto_admin
--

ALTER TABLE public.vehicles_vehicleprotocol ALTER COLUMN id ADD GENERATED BY DEFAULT AS IDENTITY (
    SEQUENCE NAME public.vehicles_vehicleprotocol_id_seq
    START WITH 1
    INCREMENT BY 1
    NO MINVALUE
    NO MAXVALUE
    CACHE 1
);


--
-- Name: vehicles_сustomerdata_id_seq; Type: SEQUENCE; Schema: public; Owner: auto_admin
--

ALTER TABLE public.vehicles_customerdata ALTER COLUMN id ADD GENERATED BY DEFAULT AS IDENTITY (
    SEQUENCE NAME public."vehicles_сustomerdata_id_seq"
    START WITH 1
    INCREMENT BY 1
    NO MINVALUE
    NO MAXVALUE
    CACHE 1
);


--
-- Data for Name: auth_group; Type: TABLE DATA; Schema: public; Owner: auto_admin
--

COPY public.auth_group (id, name) FROM stdin;
\.


--
-- Data for Name: auth_group_permissions; Type: TABLE DATA; Schema: public; Owner: auto_admin
--

COPY public.auth_group_permissions (id, group_id, permission_id) FROM stdin;
\.


--
-- Data for Name: auth_permission; Type: TABLE DATA; Schema: public; Owner: auto_admin
--

COPY public.auth_permission (id, name, content_type_id, codename) FROM stdin;
1	Can add log entry	1	add_logentry
2	Can change log entry	1	change_logentry
3	Can delete log entry	1	delete_logentry
4	Can view log entry	1	view_logentry
5	Can add permission	2	add_permission
6	Can change permission	2	change_permission
7	Can delete permission	2	delete_permission
8	Can view permission	2	view_permission
9	Can add group	3	add_group
10	Can change group	3	change_group
11	Can delete group	3	delete_group
12	Can view group	3	view_group
13	Can add user	4	add_user
14	Can change user	4	change_user
15	Can delete user	4	delete_user
16	Can view user	4	view_user
17	Can add content type	5	add_contenttype
18	Can change content type	5	change_contenttype
19	Can delete content type	5	delete_contenttype
20	Can view content type	5	view_contenttype
21	Can add session	6	add_session
22	Can change session	6	change_session
23	Can delete session	6	delete_session
24	Can view session	6	view_session
25	Can add Организация	7	add_organization
26	Can change Организация	7	change_organization
27	Can delete Организация	7	delete_organization
28	Can view Организация	7	view_organization
29	Can add Оборудование	8	add_equipment
30	Can change Оборудование	8	change_equipment
31	Can delete Оборудование	8	delete_equipment
32	Can view Оборудование	8	view_equipment
33	Can add Группа оборудования	9	add_equipmentgroup
34	Can change Группа оборудования	9	change_equipmentgroup
35	Can delete Группа оборудования	9	delete_equipmentgroup
36	Can view Группа оборудования	9	view_equipmentgroup
37	Can add Автомобиль	10	add_vehicle
38	Can change Автомобиль	10	change_vehicle
39	Can delete Автомобиль	10	delete_vehicle
40	Can view Автомобиль	10	view_vehicle
41	Can add vehicle photo	11	add_vehiclephoto
42	Can change vehicle photo	11	change_vehiclephoto
43	Can delete vehicle photo	11	delete_vehiclephoto
44	Can view vehicle photo	11	view_vehiclephoto
45	Can add vehicle protocol	12	add_vehicleprotocol
46	Can change vehicle protocol	12	change_vehicleprotocol
47	Can delete vehicle protocol	12	delete_vehicleprotocol
48	Can view vehicle protocol	12	view_vehicleprotocol
49	Can add Электромашина	13	add_electricmachine
50	Can change Электромашина	13	change_electricmachine
51	Can delete Электромашина	13	delete_electricmachine
52	Can view Электромашина	13	view_electricmachine
53	Can add Электродвигатель	14	add_electricmotor
54	Can change Электродвигатель	14	change_electricmotor
55	Can delete Электродвигатель	14	delete_electricmotor
56	Can view Электродвигатель	14	view_electricmotor
57	Can add Ряд сидений	15	add_seatrow
58	Can change Ряд сидений	15	change_seatrow
59	Can delete Ряд сидений	15	delete_seatrow
60	Can view Ряд сидений	15	view_seatrow
61	Can add test data	16	add_testdata
62	Can change test data	16	change_testdata
63	Can delete test data	16	delete_testdata
64	Can view test data	16	view_testdata
65	Can add customer data	17	add_customerdata
66	Can change customer data	17	change_customerdata
67	Can delete customer data	17	delete_customerdata
68	Can view customer data	17	view_customerdata
\.


--
-- Data for Name: auth_user; Type: TABLE DATA; Schema: public; Owner: auto_admin
--

COPY public.auth_user (id, password, last_login, is_superuser, username, first_name, last_name, email, is_staff, is_active, date_joined) FROM stdin;
1	pbkdf2_sha256$870000$CfD0OrmugE7RPqohBg1FT1$/R66T3lyXvu656UPGv+d9kFlU0csXnLiSeXJ5ncvpMQ=	2025-02-19 11:52:43.584086+04	t	admin			admin@mail.ru	t	t	2025-02-15 23:25:32.393271+04
\.


--
-- Data for Name: auth_user_groups; Type: TABLE DATA; Schema: public; Owner: auto_admin
--

COPY public.auth_user_groups (id, user_id, group_id) FROM stdin;
\.


--
-- Data for Name: auth_user_user_permissions; Type: TABLE DATA; Schema: public; Owner: auto_admin
--

COPY public.auth_user_user_permissions (id, user_id, permission_id) FROM stdin;
\.


--
-- Data for Name: django_admin_log; Type: TABLE DATA; Schema: public; Owner: auto_admin
--

COPY public.django_admin_log (id, action_time, object_id, object_repr, action_flag, change_message, content_type_id, user_id) FROM stdin;
\.


--
-- Data for Name: django_content_type; Type: TABLE DATA; Schema: public; Owner: auto_admin
--

COPY public.django_content_type (id, app_label, model) FROM stdin;
1	admin	logentry
2	auth	permission
3	auth	group
4	auth	user
5	contenttypes	contenttype
6	sessions	session
7	organization	organization
8	equipment	equipment
9	equipment	equipmentgroup
10	vehicles	vehicle
11	vehicles	vehiclephoto
12	vehicles	vehicleprotocol
13	vehicles	electricmachine
14	vehicles	electricmotor
15	vehicles	seatrow
16	vehicles	testdata
17	vehicles	customerdata
\.


--
-- Data for Name: django_migrations; Type: TABLE DATA; Schema: public; Owner: auto_admin
--

COPY public.django_migrations (id, app, name, applied) FROM stdin;
1	contenttypes	0001_initial	2025-02-15 18:56:27.897283+04
2	auth	0001_initial	2025-02-15 18:56:27.967331+04
3	admin	0001_initial	2025-02-15 18:56:27.984735+04
4	admin	0002_logentry_remove_auto_add	2025-02-15 18:56:27.992807+04
5	admin	0003_logentry_add_action_flag_choices	2025-02-15 18:56:27.998921+04
6	contenttypes	0002_remove_content_type_name	2025-02-15 18:56:28.013277+04
7	auth	0002_alter_permission_name_max_length	2025-02-15 18:56:28.019545+04
8	auth	0003_alter_user_email_max_length	2025-02-15 18:56:28.025681+04
9	auth	0004_alter_user_username_opts	2025-02-15 18:56:28.030989+04
10	auth	0005_alter_user_last_login_null	2025-02-15 18:56:28.037042+04
11	auth	0006_require_contenttypes_0002	2025-02-15 18:56:28.038101+04
12	auth	0007_alter_validators_add_error_messages	2025-02-15 18:56:28.043759+04
13	auth	0008_alter_user_username_max_length	2025-02-15 18:56:28.052614+04
14	auth	0009_alter_user_last_name_max_length	2025-02-15 18:56:28.099301+04
15	auth	0010_alter_group_name_max_length	2025-02-15 18:56:28.107283+04
16	auth	0011_update_proxy_permissions	2025-02-15 18:56:28.11261+04
17	auth	0012_alter_user_first_name_max_length	2025-02-15 18:56:28.118485+04
18	equipment	0001_initial	2025-02-15 18:56:28.144087+04
19	equipment	0002_alter_equipment_data_poverk_and_more	2025-02-15 18:56:28.150515+04
20	equipment	0003_remove_equipment_equipment_e_equipme_ce5345_idx_and_more	2025-02-15 18:56:28.165021+04
21	organization	0001_initial	2025-02-15 18:56:28.171847+04
22	sessions	0001_initial	2025-02-15 18:56:28.179468+04
23	vehicles	0001_initial	2025-02-15 18:56:28.202748+04
24	vehicles	0002_delete_vehicleprotocol	2025-02-15 18:56:28.205825+04
25	vehicles	0003_alter_vehicle_body_number_alter_vehicle_brand_and_more	2025-02-15 18:56:28.244652+04
26	vehicles	0004_vehiclephoto	2025-02-15 18:56:28.257803+04
27	vehicles	0005_vehicleprotocol	2025-02-15 18:56:28.277116+04
28	vehicles	0006_remove_vehicle_chassis_number_and_more	2025-02-15 18:56:28.800908+04
29	vehicles	0007_alter_vehicle_options_remove_vehicle_created_at_and_more	2025-02-15 18:56:29.146435+04
30	vehicles	0008_testdata_vehicle_test_data	2025-02-15 18:56:29.185444+04
31	vehicles	0009_remove_vehicle_actual_address_and_more	2025-02-15 18:56:29.249974+04
32	vehicles	0010_rename_сustomerdata_customerdata_and_more	2025-02-15 18:56:29.310925+04
33	vehicles	0011_remove_vehicle_customer_data_and_more	2025-02-15 18:56:29.379305+04
34	vehicles	0012_alter_vehicle_vin	2025-02-15 18:56:29.393709+04
35	vehicles	0013_customerdata_custom_info	2025-02-15 18:56:29.405139+04
\.


--
-- Data for Name: django_session; Type: TABLE DATA; Schema: public; Owner: auto_admin
--

COPY public.django_session (session_key, session_data, expire_date) FROM stdin;
ocqptu4xr6kz0ywfl555y8g6tvttyq8w	.eJxVjEEOwiAQAP_C2RAW6AIevfcNBFiQqqFJaU_GvxuSHvQ6M5k38-HYqz963vxC7MqAXX5ZDOmZ2xD0CO2-8rS2fVsiHwk_befzSvl1O9u_QQ29jm1SQUUEpWQsAiZAzC6LqRShCE0qRmeLKUpBzpWkLAJpp4UFacgFZJ8v0WA3Rg:1tjNqT:vVAzn-IOGTvp5vlf-fF32cVRlygwFLrlkXD8-pVxM_A	2025-03-01 23:28:57.648308+04
4sdtl4b4szhmdm9hy1wev366c5amihuu	.eJxVj0FuhDAMRe-SdYXIwASYZfc9QVVFJnEgBWKaBCRa9e5NqlHpbOz3_a1v-YtJ2OIot4BeWs1ujLOn_7Me1IQuG_od3ECFIhe97Yu8UtzdULyQxvn5vvsQMEIYc6yqoOoFr6pLb0p-5UJgh-XVmLLSolGmqbEVqr-UuuuMqlrBdd3VZcsvje5ApFD82Oy6oItS0bwtLrDbK7P6wYnHimngYMkt2jXVT9ilowV9YutO9jj88USz3CnDDCHISGpMYvWY3sqA3pKWK-3op6QVRBzIHzLYpMgP4E5TQ4RTBU_TqSiOv_c0HEFuLtp0NmUbmxItOfb2_QNfaomJ:1tkTCP:rNxaF6k6EfKGH_FaShu1V--JgQjiVwn2ylaVswfUcf0	2025-03-04 23:24:05.000789+04
pgazc2ry6v90pr8b4935jkfqydq6w4w8	.eJxVjEEOwiAQAP_C2RAW6AIevfcNBFiQqqFJaU_GvxuSHvQ6M5k38-HYqz963vxC7MqAXX5ZDOmZ2xD0CO2-8rS2fVsiHwk_befzSvl1O9u_QQ29jm1SQUUEpWQsAiZAzC6LqRShCE0qRmeLKUpBzpWkLAJpp4UFacgFZJ8v0WA3Rg:1tkTo4:5Ibpiz9YPd00fXqmEqxeST8KhYVWdqSgdn-RvD_4Ln0	2025-03-05 00:03:00.11552+04
64l4iuy2fhk7k1kzkzv73vmtcwp0k1ik	.eJxVj0FuhDAMRe-SdYXIwASYZfc9QVVFJnEgBWKaBCRa9e5NqlHpbOz3_a1v-YtJ2OIot4BeWs1ujLOn_7Me1IQuG_od3ECFIhe97Yu8UtzdULyQxvn5vvsQMEIYc6yqoOoFr6pLb0p-5UJgh-XVmLLSolGmqbEVqr-UuuuMqlrBdd3VZcsvje5ApFD82Oy6oItS0bwtLrDbK7P6wYnHimngYMkt2jXVT9ilowV9YutO9jj88USz3CnDDCHISGpMYvWY3sqA3pKWK-3op6QVRBzIHzLYpMgP4E5TQ4RTBU_TqSiOv_c0HEFuLtp0NmUbmxItOfb2_QNfaomJ:1tkQ1n:XbROeKvCla1ryMoban8AnJQNgM-3gCM8E_-MWfJetbY	2025-03-04 20:00:55.159268+04
sh4tebg5vf65iwjtuvz6oxfo8imw2a0j	.eJxVjMtOwzAURP_FaxTZcerEXbLvFyBkXdvXjSG5Ln5UKoh_J5EqoKs5mjOaL2ag1dm0gtlEz45MsKf_nQX3jrQL_wZ0Tp1LVHO03T7p7rZ0p-Rxeb5vHw5mKPN-6yRIq4SUvQ1cHIRSqJEfQuDSq9GFccBJOdtzr3VwclLCD3rgk-hHr0Ftp_jR4mVFqsalpa1U2PGFRf9g6u2CW0Gw7vEJV0NpxbxxpD_OeP5lD7diGtW4mCvmGKKDGhOx1-8fJoZgJQ:1tkam0:OjDoZMJJ8BPBbNbxTJsDD3xA2kB6vGHnN5TrvFMrCXw	2025-03-05 07:29:20.830472+04
2cdvs993rwrhi9benvj1twdt8tdi6p5w	.eJxVjEEOwiAQAP_C2RAW6AIevfcNBFiQqqFJaU_GvxuSHvQ6M5k38-HYqz963vxC7MqAXX5ZDOmZ2xD0CO2-8rS2fVsiHwk_befzSvl1O9u_QQ29jm1SQUUEpWQsAiZAzC6LqRShCE0qRmeLKUpBzpWkLAJpp4UFacgFZJ8v0WA3Rg:1tkest:f7zzf4qU879UKrN3vfrIB1IqKKIZizchbo_QKWTXjtA	2025-03-05 11:52:43.586929+04
pnvxaoaqq38t89h8q59ek77opk2xx50q	.eJxVjEEOwiAQAP_C2RAW6AIevfcNBFiQqqFJaU_GvxuSHvQ6M5k38-HYqz963vxC7MqAXX5ZDOmZ2xD0CO2-8rS2fVsiHwk_befzSvl1O9u_QQ29jm1SQUUEpWQsAiZAzC6LqRShCE0qRmeLKUpBzpWkLAJpp4UFacgFZJ8v0WA3Rg:1tkIjM:WjkYSlL84DBCBatlYO6qoJGkgDX9GWk-7OqqKZJ-8aY	2025-03-04 12:13:24.244326+04
l6348fw6564f4anizoj87wlox5nhb7cp	.eJxVT0FuhDAM_EvOK0QIG2CPve8LqipyHKe4hYRCQNpW_XtDRdXdiz2aGc_IX8LAmnqzLjQbduIipDjdcxbwncIuuDcIr7HAGNLMttgtxaEuxTU6Gp4O70NAD0u_x6ICZbVUqrK-lGepNXVUnr0vldMN-qamVqOtStd1HlWrpau7umxl1bgOdA6lj5WnkUIyGId1DIu4PAt2D0q6TZSJAOO-Ek95fsJmQhxpzpjDP3ZwW8waEg9mo5k9IySOQbycxEY940D3RXaG39cwjvkcGQZztPyZj-6Nc8T3D4eJdVs:1tkgJQ:7bYNJepxys5_Gthhb9Yp7spCl0YVCPY6aHW_Mj_O9Qg	2025-03-05 13:24:12.873545+04
wp72ik86skrtvfhr0ca737e6q85d3c1s	.eJxVjEFuwyAQRe_COrLAONhk2X1OEFVogKGmtQfHQKS06t1jS5Gabma-_n96P8xALaOpGVcTPTsxwQ6vnQX3hbQP_hPoIzUuUVmjbXakea65OSeP09uT_ScYIY-71kmQVgkpWxu4OAqlUCM_hsClV70LfYeDcrblXuvg5KCE73THB9H2XoPapHitcZmRinFpqjNldrq8lOW-4EYRzPsrcdnuN9wMpRnXLUf6yx7u2VQqcTI3XGOIDkpMxN5_HzrCXHc:1tkh8i:P8SkaG1WgIDp302NSkSlm69zxvrN0eCi4y3Z3scWJQA	2025-03-05 14:17:12.203881+04
\.


--
-- Data for Name: equipment_equipment; Type: TABLE DATA; Schema: public; Owner: auto_admin
--

COPY public.equipment_equipment (id, equipment_type, name, tip, zav_nomer, inv_nomer, reg_nomer, kol_vo, klass_toch, predel, period_poverk, category_si, organ_poverk, data_poverk, srok_poverk, other) FROM stdin;
1191	СИ	Измеритель скорости и длины УК-16	ИСД-5,1	2023.5250	№ 23-0004, Июль 2023 года	75983-19	1	Точность измеряемой скорости ±0,07-0,15% - без усреднения, ±0,02-0,1% - с усреднением 0,2-0,3 с при V>1м/с Абсолютная точность измеряемой длины <±0,03-0,1%. Допустимый диапазон изменения расстояния ±20-30% от номинала	Диапазон измерения скоростей (0,01…50) м/с. Частот измерений 10-90 Гц (54 Гц типичная). Номинальные расстояния от оптики датчика по поверхности: 18 см, 30 см, 50 см, 75 см, 130 см, 200 см.	1 год	Рабочая мера	УРАЛЬСКИЙ НАУЧНО-ИССЛЕДОВАТЕЛЬСКИЙ ИНСТИТУТ МЕТРОЛОГИИ	2024-03-15	2025-03-14	Договор купли-продажи оборудования от 01.07.2023 года с ООО «МБС» Лабораторная инструкция № 16
1192	СИ	Калибратор акустический УК-14	АК-1000	1753.0	№ 23-0021, Июль 2023 года	76039-19	1	Класс точности - 1	Генерация тонального звукового сигнала с частотой основного тона 1000 Гц, заданные уровни звукового давления: 94,0 и 114,0 дБ относительно 20 мкПа, основной уровень калибратора – 114,0 дБ	1 год	Образцовая мера	ООО «МетрЛифтСервис»	2024-04-03	2025-04-02	Договор купли-продажи оборудования от 01.07.2023 года с ООО «МБС» Лабораторная инструкция № 14
1193	СИ	Прибор для проверки эффективности тормозных систем транспортного средства УК-28	ЭФФЕКТ-02	10959.0	№ 23-0022, Июль 2023 года	58403-14	1	Пределы допускаемой относительной погрешности измерения: Установившееся замедление, % - ±4; Время срабатывания тормозной системы, с - ± 0,1	Установившееся замедление Jуст, м/с2 – 0…9,81; Усилие на органе управления Рпм, Н – 98…980; Время срабатывания тормозной системы tср, с – 0…3. Усилие на органе управления, % - ± 5	1 год	Рабочая мера	ООО «ПРОММАШ ТЕСТ МЕТРОЛОГИЯ»	2024-04-03	2025-04-02	Договор купли-продажи оборудования от 01.07.2023 года с ООО «МБС» Лабораторная инструкция № 28
1194	СИ	Лазерный дальномер-рулетка УК-18	RGKD100	220863309.0	№ 23-0005, Июль 2023 года	87359-22	1	Точность измерения ±2,0 мм до 50 м, ,±3,0 мм от 50 м	Диапазон измерений расстояний (0,05…100) м, минимальная отображаемая величина – 1,0 мм	1 год	Рабочая мера	Акт о выводе из эксплуатации №6 от 18.01.2024 года	\N	\N	Договор купли-продажи оборудования от 01.07.2023 года с ООО «МБС» Лабораторная инструкция № 18
1195	СИ	Цифровой мультиметр УК-26	Fluke 107	58141642WS	№ 23-0006, Июль 2023 года	57587-14	1	Предел допускаемой основной абсолютной погрешности при измерении напряжения постоянного тока при верхней границе диапазона 600В - ± (0,005 U + 0,3 В); при измерении напряжения переменного тока при верхней границе диапазона 600В -± (0,01 U + 0,3 В); при измерении силы постоянного тока при верхней границе диапазона 10А - ± (0,015 I + 0,03 А); при измерении силы переменного тока при верхней границе диапазона 10А - ± (0,015 I + 0,03 А); при измерении электрического сопротивления при верхней границе диапазона 40 МОм - ± (0,015 R + 0,03 МОм).	Максимальное напряжение между любой клеммой и заземлением – 600В, защита предохранителем входа А – 11А, 1000В, номинал прерывания 17 кА	1 год	Рабочая мера	ООО "МИРУАР"	2024-04-01	2025-03-31	Договор купли-продажи оборудования от 01.07.2023 года с ООО «МБС» Лабораторная инструкция № 26
1196	СИ	Регистратор температуры и влажности УК-22	DT-172	220419754.0	№ 23-0007, Июль 2023 года	64507-16	1	Пределы допускаемой абсолютной погрешности канала измерений относительной влажности в зависимости от диапазона (при температуре окружающей среды 20±10 °С): - в диапазоне от 10 до 20 % и свыше 80% до 95 % - ±5,0%; - в диапазоне от 20 до 40 % и свыше 60% до 80 % - ±3,5%; - в диапазоне свыше 40 до 60 % - ±3,0%; канала измерений температуры, в зависимости от диапазона: - в диапазоне от (-40…-10) °С и (+40…+70) °С - ±2оС; - в диапазоне (-10…+40)°С - ±1оС	Диапазон измерений и регистрации относительной влажности - (10…95) %. Разрешение при измерении и регистрации относительной влажности - 0,1%. Диапазон измерений и регистрации температуры – (-20...+70) °С Разрешение при измерении и регистрации температуры - 0,1°С	1 год	Рабочая мера	ООО "РАВНОВЕСИЕ"	2024-03-28	2025-03-27	Договор купли-продажи оборудования от 01.07.2023 года с ООО «МБС» Лабораторная инструкция № 22
1207	СИ	Барометр – анероид метеорологический УК-27	БАММ-1	1127.0	№ 23-0017, Июль 2023 года	5738-76	1	Пределы допускаемых погрешностей после введения поправок: основной ±0,2(±1,5) кПа, дополнительной ±0,5(±3,75) кПа	Диапазон измерения (80…106) кПа. Цена деления шкалы 0,1 кПа	1 год	Рабочая мера	Акт о выводе из эксплуатации лабораторного оборудования №3 от 14.11.2023 года Акт выхода из строя лабораторного оборудования (СИ, приспособлений, материалов) №2 от 11.12.2023 года	\N	\N	Договор купли-продажи оборудования от 01.07.2023 года с ООО «МБС» Лабораторная инструкция № 27
1197	СИ	Регистратор температуры и влажности УК-23	DT-172	220419757.0	№ 23-0008, Июль 2023 года	64507-16	1	Пределы допускаемой абсолютной погрешности канала измерений относительной влажности в зависимости от диапазона (при температуре окружающей среды 20±10 °С): - в диапазоне от 10 до 20 % и свыше 80% до 95 % - ±5,0%; - в диапазоне от 20 до 40 % и свыше 60% до 80 % - ±3,5%; - в диапазоне свыше 40 до 60 % - ±3,0%; канала измерений температуры, в зависимости от диапазона: - в диапазоне от (-40…-10) °С и (+40…+70) °С - ±2оС; - в диапазоне (-10…+40)°С - ±1оС	Диапазон измерений и регистрации относительной влажности - (10…95) %. Разрешение при измерении и регистрации относительной влажности - 0,1%. Диапазон измерений и регистрации температуры – (-20...+70) °С Разрешение при измерении и регистрации температуры - 0,1°С	1 год	Рабочая мера	ООО "РАВНОВЕСИЕ"	2024-03-28	2025-03-27	Договор купли-продажи оборудования от 01.07.2023 года с ООО «МБС» Лабораторная инструкция № 22
1198	СИ	Прибор комбинированный УК-15	Testo 622	39533009.0	№ 23-0009, Июль 2023 года	53505-13	1	Предел допускаемой погрешности измерений: температура ±0,4 оС, влажность ±3% ОВ, абсолютное давление ±5 гПа	Температура (-10…+60) 0С, влажность (10…95) %, абсолютное давление (300…1200) гПа. Частота измерений 10 с.	1 год	Рабочая мера	ООО "РАВНОВЕСИЕ"	2024-03-28	2025-03-27	Договор купли-продажи оборудования от 01.07.2023 года с ООО «МБС» Лабораторная инструкция № 15
1199	СИ	Рулетка измерительная металлическая УК-36	RGKRL3	3RL0111	№ 23-0011, Июль 2023 года	87196-22	1	Класс точности 2 и 3 по ГОСТ 7502-98. Отклонение от перпендикулярности штрихов шкалы к рабочей кромке ленты, не более - 30'	Номинальная длина 3 метра	1 год	Рабочая мера	ООО "АВТОПРОГРЕСС-М"	2024-04-03	2025-04-02	Договор купли-продажи оборудования от 01.07.2023 года с ООО «МБС» Лабораторная инструкция №36
1200	СИ	Рулетка измерительная металлическая УК-37	RGKRL5	5RL0267	№ 23-0012, Июль 2023 года	87196-22	1	Класс точности 2 и 3 по ГОСТ 7502-98. Отклонение от перпендикулярности штрихов шкалы к рабочей кромке ленты, не более - 30'	Номинальная длина 5 метров	1 год	Рабочая мера	ООО "АВТОПРОГРЕСС-М"	2024-04-03	2025-04-02	Договор купли-продажи оборудования от 01.07.2023 года с ООО «МБС» Лабораторная инструкция №36
1201	СИ	Рулетка измерительная металлическая УК-38	RGKR10	10M7482	№ 23-0013, Июль 2023 года	75296-19	1	Класс точности 2 и 3 по ГОСТ 7502-98. Отклонение от перпендикулярности штрихов шкалы к рабочей кромке ленты, не более - 30'	Номинальная длина 10 метров	1 год	Рабочая мера	ООО "АВТОПРОГРЕСС-М"	2024-04-03	2025-04-02	Договор купли-продажи оборудования от 01.07.2023 года с ООО «МБС» Лабораторная инструкция №36
1202	СИ	Рулетка измерительная металлическая УК-39	RGKR20	20M0523	№ 23-0014, Июль 2023 года	75296-19	1	Класс точности 2 и 3 по ГОСТ 7502-98. Отклонение от перпендикулярности штрихов шкалы к рабочей кромке ленты, не более - 30'	Номинальная длина 20 метров	1 год	Рабочая мера	ООО "АВТОПРОГРЕСС-М"	2024-04-03	2025-04-02	Договор купли-продажи оборудования от 01.07.2023 года с ООО «МБС» Лабораторная инструкция №36
1203	СИ	Угломер с нониусом 0-360 5' 300 мм с лупой торговой марки "Калиброн" УК-21	УНЛ-360	4-22070254	№ 23-0025, Июль 2023 года	83810-21	1	Предел допускаемой абсолютной погрешности угломеров не более ±5'	Пределы измерения углов наружных и внутренних от 0о до 360о, значение отсчета по нониусу 5', цена деления шкалы основной шкалы – 10	1 год	Рабочая мера	ООО «ПРОММАШ ТЕСТ МЕТРОЛОГИЯ»	2024-04-05	2025-04-04	Договор купли-продажи оборудования от 01.07.2023 года с ООО «МБС» Лабораторная инструкция № 21
1204	СИ	Угломер маятниковый УК-13	ЗУРИ-М	234.0	№ 23-0015, Июль 2023 года	71714-18	1	Пределы допускаемой основной погрешности угломера на всем диапазоне измерений - ±1о	Диапазон измерения от 0 до 360о, цена деления шкалы – 1о, размах показаний – не более 30о, усилие торможения на кнопке – от 2 до 4Н	1 год	Рабочая мера	ООО "АВТОПРОГРЕСС-М"	2024-04-03	2025-04-02	Договор купли-продажи оборудования от 01.07.2023 года с ООО «МБС» Лабораторная инструкция №13
1205	СИ	Угломер с нониусом УК-20	2УМ, тип 1, мод. 1-2	353.0	№ 23-0016, Июль 2023 года	85008-22	1	Предел допускаемой абсолютной погрешности измерений плоских углов ±2'	Диапазон измерения углов от 00 до 1800, значение отсчета по нониусу 2', цена деления шкалы основания – 10,	1 год	Рабочая мера	ООО "ИСКАТЕЛЬ - 2"	2024-03-27	2025-03-26	Договор купли-продажи оборудования от 01.07.2023 года с ООО «МБС» Лабораторная инструкция № 20
1206	СИ	Манометр показывающий УК-24	ТМ-610Р.МТИ	16132.0	№ 23-0018, Июль 2023 года	25913-08	1	Класс точности 1	Диапазон показаний (0…1) МПа	2 года	Рабочая мера	ЗАО "РОСМА	2023-04-17	2025-04-16	Св-во о поверке №С-ДЛЮ/17-04-2023/239583847 Договор купли-продажи оборудования от 01.07.2023 года с ООО «МБС» Лабораторная инструкция № 24
1208	СИ	Манометр показывающий УК-25	ТМ-310Р	C0914501	№ 23-0019, Июль 2023 года	25913-08	1	Класс точности 2,5	Диапазон показаний (0…10) кгс/см2	2 года	Рабочая мера	ЗАО "РОСМА"	2023-05-02	2025-05-01	Св-во о поверке №С-ДЛЮ/02-05-2023/243230505 Договор купли-продажи оборудования от 01.07.2023 года с ООО «МБС» Лабораторная инструкция № 25
1209	СИ	Измеритель-регистратор параметров микроклимата УК-17	ТКА-ПКЛ (26)-Д	260 901	№ 23-0010, Июль 2023 года	76454-19	1	Пределы допускаемой основной абсолютной погрешности измерений относительной влажности ±3%; пределы допускаемой абсолютной погрешности измерения температуры воздуха: от св. -10 до +15оС - ±0,3оС; св. +15 до 25 оС - ±0,2 оС; св. +25 до 45 оС - ±0,3 оС. Пределы допускаемой абсолютной погрешности измерения атмосферного давления: от -30 до +5 оС - ±0,4 кПа; св. +5 до +60 оС - ±0,2 кПа	Диапазоны измерений: относ. влажность (5…98) %, температура воздуха (-30…+60) оС, атмосферное давление (70….120) кПа.	1 год	Рабочая мера	ООО "РАВНОВЕСИЕ"	2024-04-02	2025-04-01	Договор купли-продажи оборудования от 01.07.2023 года с ООО «МБС» Лабораторная инструкция № 17
1210	СИ	Весы автомобильные подкладные с терминалом УК-34	ИСТОК-15-2П (22; 1), модель терминала CI-200A	237285, Зав. № терминала 022920408	№ 23-0024, Июль 2023 года	73351-18	1	Класс точности весов по ГОСТ OIML R 76-1-2011 - средний (III)	Диапазон взвешивания (100…15000) кг, действительная цена деления 10 кг	1 год	Рабочая мера	Акт №2 от 15.11.2023 года о несоответствии технических характеристик СИ, ИО и ВО Акт выхода из строя лабораторного оборудования (СИ, приспособлений, материалов) №1 от 15.11.2023 года	\N	\N	Договор купли-продажи оборудования от 01.07.2023 года с ООО «МБС» Лабораторная инструкция № 34
1211	СИ	Динамометр электронный переносной УК-35	ДЭП/7-1Д-1У-2	86413.0	№ 23-0023, Июль 2023 года	66698-17	1	Пределы допускаемой относительной погрешности динамометра - ±0,45%. Предельные значения составляющих погрешности, связанные с воспроизводимостью показаний b – 0,40, повторяемостью показаний bс - 0,20	Наибольший предел измерений Х= 0,1…5000 кН	1 год	Рабочая мера	Акт о выводе из эксплуатации №3 от 18.01.2024 года	\N	\N	Договор купли-продажи оборудования от 01.07.2023 года с ООО «МБС» Лабораторная инструкция № 35
1212	СИ	Шумомер-анализатор спектра УК-19	ОКТАВА-111-ГТО	ОК230569	№ 23-0020, Июль 2023 года	69133-17	1	класс точности 1 по ГОСТ 17187-2010 и по ГОСТ Р 8.714-2010	Диапазон измерения уровней звука (19…141) дБА	1 год	Рабочая мера	ООО «ПРОММАШ ТЕСТ МЕТРОЛОГИЯ»	2024-04-03	2025-04-02	В комплект поставки входит: микрофон 50мВ\\Па, кабель микрофонный удлинительный (2м), ветрозащита, штатив малый, РЭ, сумка, зарядное устройство, 2 комплекта аккумуляторов, USB-кабель, сетевой адаптер. Договор купли-продажи оборудования от 01.07.2023 года с ООО «МБС» Лабораторная инструкция № 19
1213	СИ	Дымомер для дизельных двигателей УК-8	MDO2-LON	12803.0	№23-0039, март 2007 года	22909-07	1	Пределы допускаемой приведенной погрешности ±2%	Диапазон измерения дымности (0…100) %; показатель поглощения (0…9,99 м-1)	1 год	Рабочая мера	ООО «ЦМС КАРТЕСТ»	2024-03-07	2025-03-06	Товарная накладная №1054 от 14.03.2007 года Лабораторная инструкция №8 Договор купли-продажи оборудования от 01.07.2023 года с ООО «МБС»
1214	СИ	Анализатор выхлопных газов двигателя (газоанализатор комбинированный 5-ти компонентный) УК-7	MGT5	3652.0	№23-0038, май 2007 года	22488-05	1	Пределы допускаемой относительной погрешности: окиси углерода СО±3 %, углеводородов СН ±5 %,диоксида углерода СО2 ±4 %, кислорода О2 ±3 %, оксида азота NO ±10 %	Содержание окисляемого компонента: окиси углерода СО (0…15) %, углеводородов СН (0…2000) млн-1, диоксида углерода СО2 (0…20) %, кислорода О2 (0…25) %, оксида азота NO (0…5000)млн-1 диапазона измерений объемной доли	1 год	Рабочая мера	ООО «ЦМС КАРТЕСТ»	2024-03-07	2025-03-06	Товарная накладная №0455 от 20.05.2007 года Лабораторная инструкция №7 Договор купли-продажи оборудования от 01.07.2023 года с ООО «МБС»
1215	СИ	Измеритель светового коэффициента пропускания автомобильных стекол УК-10	ИСС-1	1204.0	№23-0041, май 2007 года	18613-04	1	Предел абсолютной погрешности измерений светового коэффициента пропускания не более ±2%, индикация показаний цифровая на ЖКИ – 4 разряда, цена единицы наименьшего разряда – 0,1%	Диапазон измерения светового коэффициента (2…100) %, максимальная толщина измеряемых стекол 7,5 мм	1 год	Рабочая мера	ООО «ЦМС КАРТЕСТ»	2024-03-07	2025-03-06	Товарная накладная №336 от 26.04.2007 года Лабораторная инструкция №10 Договор купли-продажи оборудования от 01.07.2023 года с ООО «МБС»
1216	СИ	Линейка измерительная металлическая УК-11	(0-1000) мм	74.0	№23-0042, апрель 2007 года	20048-05	1	Допускаемое отклонение по ГОСТ 427-75 - ±0,20мм; Отклонение от номинальных значений длины шкалы и расстояний между любым штрихом и началом или концом шкалы при температуре окружающей среды (20±5) °С составляет: ±0,2 мм - для линеек до 1000 мм	Предел измерений (0…1000) мм	1 год	Рабочая мера	ООО «ЦМС КАРТЕСТ»	2024-03-07	2025-03-06	Товарная накладная №336 от 26.04.2007 года Договор купли-продажи оборудования от 01.07.2023 года с ООО «МБС»
1217	СИ	Манометр избыточного давления показывающий В составе ИО (прибора проверки герметичности пневматического тормозного привода АТС «М-100-02» УК-2)	МП3-Уф, (0-10) kgf/cm2, КТ 1,5	10.0	№23-0043, май 2007 года	43902-14	1	Пределы допускаемой погрешности в процентах от диапазона показаний: основной- ± 1,5%; дополнительной - ± 0,1∙Δt2	Диапазон показания давления (0…10) МПа (кгс/см2); диапазон измерений избыточного давления от 0 до 75% показаний	1 год	Рабочая мера	ООО «ЦМС КАРТЕСТ»	2024-03-07	2026-03-06	Товарная накладная №3 от 18.05.2007 года Лабораторная инструкция №2 к Прибору проверки герметичности пневматического тормозного привода автотранспортных средств М-100-02 Договор купли-продажи оборудования от 01.07.2023 года с ООО «МБС»
1218	СИ	Прибор для измерения суммарного люфта рулевого управления автотранспортных средств УК-4	ИСЛ-401М	60759.0	№23-0035, май 2007 года	17897-06	1	Предел допускаемой основной абсолютной погрешности измерения угла суммарного люфта рулевого управления ±0,5о	Диапазон измерения угла суммарного люфта рулевого управления (0…30)о; угол регистрации начала поворота управляемого колеса 0,06±0,01о	1 год	Рабочая мера	ООО «ЦМС КАРТЕСТ»	2024-03-07	2025-03-06	Товарная накладная №336 от 26.04.2007 года Лабораторная инструкция №4 Договор купли-продажи оборудования от 01.07.2023 года с ООО «МБС»
1219	СИ	Прибор для измерения параметров света фар автотранспортных средств УК-5	HL 24 D L1	312.0	№23-0036, июнь 2006 года	25907-03	1	Предел допускаемой абсолютной погрешности измерений углов наклона - ±10', предел допускаемой относительной погрешности измерений силы света - ±15%м	Диапазон измерения углов наклона светового пучка в вертикальной плоскости – от 0о 00' (00 мм /10 м) о 2о 18' (400 мм / 10 м), максимальная высота измерений – до 1410 мм, диапазон измерения силы света от 200 кд до 150000 кд, тип позиционирования прибора – оптическое (по зеркальному визиру), тип позиционирования оптической камеры – ручной, способ крепления стойки оптической камеры – вращающийся	1 год	Рабочая мера	Акт о выводе из эксплуатации№9 от 09.03.2024 года	\N	\N	Товарная накладная №26 от 06.06.2006 года Лабораторная инструкция №5 Договор купли-продажи оборудования от 01.07.2023 года с ООО «МБС»
1220	СИ	Стенд тормозной роликовый УК-1	IW 4 TRUCK	407326-001	№23-0032, март 2007 года	16017-02	1	Пределы допускаемой относительной погрешности измерения тормозной силы ±3%, пределы допускаемой относительной погрешности измерения массы транспортного средства ±3%, предел допускаемой относительной погрешности измерения усилия на педали привода тормозных систем ±7%, предел допускаемой относительной погрешности измерения давления воздуха в тормозном приводе ±5%	Диапазон измерения тормозной силы (0…30) кН, имитируемая скорость движения автомобиля (2,3…5,0) км/ч, допустимая нагрузка на ось испытуемого мотоавтотранспортного средства 1т, диапазон измерения усилия на педали привода тормозных систем (0…1,0) кН, диапазон измерения давления воздуха в тормозном приводе (0,65…0,85) МПа, диаметр приводных роликов 202±2 мм, время срабатывания тормозной системы (0,4…2) с	1 год	Рабочая мера	ООО «ЦМС КАРТЕСТ»	2024-03-07	2025-03-06	Товарная накладная №1054 от 14.03.2007 года Лабораторная инструкция № 1 Договор купли-продажи оборудования от 01.07.2023 года с ООО «МБС»
1221	СИ	Штангенциркуль УК-6	ШЦ-I-125-0,1	77880.0	№23-0037, апрель 2001 года	260-49	1	Класс точности – 2, предел допускаемой погрешности – 0,1 мм	Диапазон измерения (0…125) мм, значение отсчета по нониусу 0,1 мм	1 год	Рабочая мера	Акт №1 о несоответствии технических характеристик СИ. ИО и ВО от 20.09.2023 года Акт о выводе из эксплуатации № 2от 11.09.2023 года	\N	\N	Товарная накладная №3 от 11.04.2001 года Лабораторная инструкция №6 Договор купли-продажи оборудования от 01.07.2023 года с ООО «МБС»
1222	СИ	Секундомер УК-12	СОСпр-2б-2-000	2810.0	№23-0044, май 2007 года	11519-11	1	Класс точности – второй	Емкость шкалы: секундной — 60 с; минутной — 60 мин. Цена деления шкалы: секундной — 0,2 с; минутной — 1 мин	1 год	Рабочая мера	ООО «ЦМС ПРОГРЕСС» с 31.07.2023 по 30.07.2024 Акт о выводе из эксплуатации №1 от 18.01.2024 года	\N	\N	Св-во о поверке С-ВЯД/31-07-2023/265972290 Товарная накладная №9 от 08.05.2007 года Лабораторная инструкция №12 Договор купли-продажи оборудования от 01.07.2023 года с ООО «МБС»
1223	СИ	Секундомер УК-41	СОСпр-2б-2-000	2467.0	№23-0046, май 2007 года	11519-11	1	Класс точности – второй	Емкость шкалы: секундной — 60 с; минутной — 60 мин. Цена деления шкалы: секундной — 0,2 с; минутной — 1 мин	1 год	Рабочая мера	ООО «ЦМС ПРОГРЕСС» с 31.07.2023 по 30.07.2024 Акт о выводе из эксплуатации №2 от 18.01.2024 года	\N	\N	Св-во о поверке №С-ВЯД/31-07-2023/265972289 Товарная накладная №9 от 08.05.2007 года Лабораторная инструкция №12 Договор купли-продажи оборудования от 01.07.2023 года с ООО «МБС»
1224	СИ	Течеискатель-сигнализатор УК-9	ФП-12	1410024.0	№23-0040, декабрь 2014 года	30331-16	1	Пределы основной абсолютной погрешности: по метану - ±0,40%, по пропану - ±0,16%	Порог чувствительности в режиме течеискания: по метану - 0,001%, по пропану - 0,003% Порог срабатывания сигнализации: по метану - 1,00%, по пропану - 0,40%	1 год	Рабочая мера	Акт о выводе из эксплуатации №11 от 26.07.2024 года	\N	\N	Товарная накладная №404 от 22.12.2014 года Лабораторная инструкция №9 Договор купли-продажи оборудования от 01.07.2023 года с ООО «МБС»
1225	СИ	Шумомер УК-51	Testo 816	30851967/612	№23-0065, июль 2023 года	50850-12	1	Класс точности - 2	Диапазоны измерений: 30-80 дБ, 50-100 дБ, 80-130 дб. Выбор вручную диапазона	1 год	Рабочая мера	Акт о выводе из эксплуатации №1 от 01.07.2023 года	\N	\N	Договор купли-продажи оборудования от 01.07.2023 года с ООО «МБС» Лабораторная инструкция №51
1226	СИ	Ключ моментный шкальный УК-50	КМШ-140	55451.0	№23-0062, Июль 2023 года	22435-02	1	Предел допускаемой относительной погрешности, % - ±4	Диапазон измерений, Н×м - 30…140; Цена деления шкалы, Н×м – 5	1 год	Рабочая мера	Акт о выводе из эксплуатации №12 от 26.07.2024 года	\N	\N	Лабораторная инструкция №50 Договор купли-продажи оборудования от 01.07.2023 года с ООО «МБС»
1227	СИ	Пирометр инфракрасный RGK УК-52	PL-12	22101845.0	№23-0067, август 2023 года	60996-15	1	ИК-точность: ±2,5оС (-50…-20)оС, ±1оС или ±1% (-20…+300)оС, ±1% (300…550)оС при температуре окружающей среды 23-25 оС	Диапазон измерения: (-50…+550)оС. ИК-разрешение 0,1оС, коэффициент излучения 0,1…1,0 (регулируемый), частота ИК-измерения – 150мс	1 год	Рабочая мера	ООО «ПРОММАШ ТЕСТ МЕТРОЛОГИЯ»	2024-04-05	2025-04-04	Товарная накладная №V032570092 от 24.08.2023 года Лабораторная инструкция №52
1228	СИ	Штангенциркуль УК-53	RGK SCМ-150	98770132.0	№23-0068, сентябрь 2023 года	87061-22	1	Предел допускаемой абсолютной погрешности – ±0,03 мм	Диапазон измерения (0…150) мм, тип отсчетного устройства – нониус, цена деления - 0,02 мм	1 год	Рабочая мера	ООО «ПРОММАШ ТЕСТ МЕТРОЛОГИЯ»	2024-08-07	2025-08-06	Св-во о поверке С-ДЮП/03-08-2023/267542044 от 03.08.2023 г. до 02.08.2024 г. Товарная накладная №V032877506 от 08.09.2023 года Лабораторная инструкция №53
1229	СИ	Уровень строительный УК-54	УС-II-2000	4669.0	№23-0069, сентябрь 2023 года	79208-20	1	Предельное отклонение от номинальной длины - ±25%, предельное отклонение средней цены деления ампулы - ±30'', отклонение от плоскостности рабочих поверхностей – 0,4 мм, отклонение от параллельности рабочих поверхностей – 0,4 мм	Длина уровня 2000 мм, цена деления ампулы - 15' или 4,4 мм/м, количество блоков с ампулами – 2	1 год	Рабочая мера	ООО «ПРОММАШ ТЕСТ МЕТРОЛОГИЯ»	2024-08-19	2025-08-18	Св-во о поверке № С-ДЮП/28-09-2023/281802528 от 28.09.2023 г. до 27.09.2024 г. Счет-договор №800 от 2.09.2023 года Лабораторная инструкция №54
1230	СИ	Измеритель дымности выхлопа дизельных двигателей Дымомер УК-56	АВГ-1Д-4.01	38.0	№23-0071, октябрь 2023 года	27860-14	1	Предел абсолютной допускаемой погрешности коэффициент поглощения k±0,05м -1 при k= 1,6 ÷ 1,8 м -1. Пределы приведенной допускаемой погрешности: коэффициента ослабления света - ±1 %; частоты вращения - ±2,5 %; температуры масла - ±2,5 %.	Коэффициент поглощения k, м -1 - 0–∞ (0-10, при k>10 k= ∞). Коэффициент ослабления света N, % - 0…100. Частота вращения, об/мин – 0…6000. Температура масла, 0С – 0…100. Давление отработавшего газа в камере дымомера не должно отличаться от давления окружающего воздуха более чем на 735 Па.	1 год	Рабочая мера	Индивидуальный предприниматель МАТВЕЕВА НАТАЛЬЯ ВЛАДИМИРОВНА	2024-08-19	2025-08-18	Св-во о поверке № С-ДХР/11-09-2023/ 277468313 от 11.09.2023 г. до 10.09.2024 г. Товарная накладная №У-2626 от 25.10.203 года Лабораторная инструкция №56
1231	СИ	Уровень брусковый УК-58	250-0,02	Б-2655	№23-0073, декабрь 2023 года	33071-06	1	Пределы допускаемой погрешности - ±0,006 мм/м	Цена деления - 0,02 мм/м, длина рабочей поверхности - 250 мм	1 год	Рабочая мера	ФБУ "КИРОВСКИЙ ЦСМ"	2024-08-07	2025-08-06	Св-во о поверке №С-БЭ/15-08-2023/270387092 от 15.08.2023 г. до 14.08.2024 г. Счет-фактура УТ-5643от 08.12.2023 года Лабораторная инструкция №58
1232	СИ	Рейка дорожная универсальная УК-59 Необходима поверка РФ и тогда это СИ	РДУ-Андор	438.0	№23-0074, декабрь 2023 года	-	1	Пределы допускаемой абсолютной погрешности измерения уклонов, ‰ - ± 3; Пределы допускаемой абсолютной погрешности эклиметра при визуальных измерениях - ±2°30´; Пределы допускаемой абсолютной погрешности измерения просветов, мм - ±0,2; Пределы допускаемой абсолютной погрешности измерения толщины покрытий, см - ±0,5	Длина (в рабочем состоянии), мм - 3000 ± 2; Масса, не более, кг – 10; Цена деления шкалы измерительной головки, ‰ – 2; Диапазон измерений уклонов измерительной головкой, ‰ - от 0 до 100; Диапазон измерений крутизны откосов (в обе стороны по эклиметру): 1:3 (18°26´), 1:2 (26°34´), 1:1,5 (33°41´), 1:1 (45°). Диапазон измерений просветов под рейкой клиновым промерником, мм - от 0,5 до 15; Диапазон измерений толщины покрытий клиновым промерником, мм - от 0 до 150	1 год	Рабочая мера	УП «АНТОК» Белоруссия, с 23.10.2023 года по 23.10.2024 года Акт о выводе из эксплуатации №10 от 09.03.2024 года	\N	\N	Св-во о поверке №1411-02 от 23.10.2023 г. до 23.10.2024 г. Товарная накладная №743 от 07.12.2023 года Лабораторная инструкция №59
1233	СИ	Весы автомобильные подкладныес весовым индикатором CI-200A УК-57	ИСТОК-30-4П (2Z; 1)	237819, Зав. № терминала 022920408	№23-0072, ноябрь 2023 года	73351-18, 50968-12 к терминалу	1	Предел допускаемой погрешности при первичной поверке: от 200 до 5000 кг - ±5 кг, св. 5000 до 20000 кг - ±10 кг, от 20000 до 30000 кг - ±15 кг Пределы допускаемой погрешности в эксплуатации равны удвоенному значению пределов допускаемых погрешностей при первичной поверке. Класс точности весов по ГОСТ OIML R 76-1-2011 - средний (III)	Диапазон взвешивания (200…30000) кг, действительная цена деления 10 кг, интервал взвешивания от 200 до 5000 кг, св. 5000 до 20000 кг, св. 20000 до 30000 кг. Количество грузоприемных платформ (N) – 4. Количество весоизмерительных датчиков – 16. Масса грузоприемной платформы – не более 100 кг.	1 год	Рабочая мера	ООО "ВОЛГОГРАДСКИЙ ЗАВОД ВЕСОИЗМЕРИТЕЛЬНОЙ ТЕХНИКИ"	2024-10-14	2025-10-13	Св-во о поверке №С-ГДФ/15-11-2023/299793192 от 15.11.2023 г. до 14.11.2024 г. Договор купли-продажи оборудования от 20.11.2023 года с ООО «МБС» Лабораторная инструкция №57
1234	СИ	Плита поверочная и разметочная УК-60	2-1-250х250	2361.0	№23-0075, декабрь 2023 года	11605-10	1	Допуск плоскостности – 8 мкм	Размеры плиты 250×250 мм, класс точности – 1, исполнение – 2	1 год	Образцовая мера	АО "СТИЗ"	2023-10-12	2025-10-11	Св-во о поверке №С-АЕФ/12-10-2023/286980282 от 12.10.2023 г. до 11.10.2024 г. Счет-фактура №2727 от 07.12.2023 года Лабораторная инструкция №60
1235	СИ	Прибор (тахометр) УК-62	Testo 460	46692011/0123	№23-0076, декабрь 2023 гола	48431-11	1	Пределы допускаемой относительной погрешности частоты вращения - ±5%	Диапазон измерения частоты вращения – 100…30000 об/мин	1 год	Рабочая мера	ООО "РАВНОВЕСИЕ"	2024-01-12	2025-01-11	Св-во о поверке № С-ДТЖ/12-01-2024/307764960 от 12.01.2024 г. до 11.01.2025 г. Договор купли-продажи оборудования от 26.01.2024 года с ООО «МБС» Лабораторная инструкция №62
1236	СИ	Весы напольные УК-63	Весы MAS PM1E-100-4560	РМ2312129	№24-0077, январь 2024 года	66970-17	1	Класс точности III (средний)	Диапазон уравновешивания тары – 100% Max, Диапазон взвешивания W1. Максимальная нагрузка 50 кг, цена деления шкалы – 10 кг. Диапазон взвешивания W2 Максимальная нагрузка 100 кг, цена деления шкалы 20 кг	1 год	Рабочая мера	ООО «ВЕСПРОФ»	2024-11-19	2025-11-18	Св-во о поверке №С-ДВЗ/14-12-2023/311145605 от 14.12.2023 г. до 13.12.2024 г. Договор купли-продажи оборудования от 26.01.2024 года с ООО «МБС» Лабораторная инструкция №63
1237	СИ	Секундомер УК-66	«Интеграл С-01»	451468.0	№24-0080, январь 2024 года	44154-20	1	Пределы допускаемой основной абсолютной погрешности измерения в режиме секундомера в нормальных условиях эксплуатации (25 ± 5) °С, с, где Тх – значение измеренного интервала времени, с - ±(9,6×106×Тх+0,01).Пределы допускаемой дополнительной абсолютной погрешности измерения в режиме секундомера, вызванной отклонением температуры окружающего воздуха от нормальных условий (25± 5) °С в интервале рабочих температур от минус 10 °С до 50 °С на 1 °С изменения температуры, с - -2,2×10-6×Тх	Максимальный объем счета 9 ч 59 мин 59,99 с	1 год	Рабочая мера	ООО РМЦ "КАЛИБРОН"	2024-01-24	2025-01-23	Св-во о поверке С-ГЖЕ/24-01-2024/311130322 от 24.01.2024 г до 23.01.2025 г Договор купли-продажи оборудования от 26.01.2024 года с ООО «МБС» Лабораторная инструкция №65
1238	СИ	Секундомер УК-65	«Интеграл С-01»	451668.0	№24-0079, январь 2024 года	44154-20	1	Пределы допускаемой основной абсолютной погрешности измерения в режиме секундомера в нормальных условиях эксплуатации (25 ± 5) °С, с, где Тх – значение измеренного интервала времени, с - ±(9,6×106×Тх+0,01).Пределы допускаемой дополнительной абсолютной погрешности измерения в режиме секундомера, вызванной отклонением температуры окружающего воздуха от нормальных условий (25± 5) °С в интервале рабочих температур от минус 10 °С до 50 °С на 1 °С изменения температуры, с - -2,2×10-6×Тх	Максимальный объем счета 9 ч 59 мин 59,99 с	1 год	Рабочая мера	ООО РМЦ "КАЛИБРОН"	2024-01-24	2025-01-23	Св-во о поверке С-ГЖЕ/24-01-2024/311130321 от 24.01.2024 г до 23.01.2025 г Договор купли-продажи оборудования от 26.01.2024 года с ООО «МБС» Лабораторная инструкция №65
1239	СИ	Рейка нивелирная телескопическая УК-67	RGK TS-5	TS57113	№24-0081, январь 2024 года	74098-19	1	Допускаемое отклонение действительной длины интервалов шкалы рейки, мм, не более:- дециметрового – ±0,5;- сантиметрового - ±0,2;- метрового интервала - ±1,0.	Номинальная длина шкалы рейки – 5000 мм, номинальная длина дециметрового деления – 100 мм, номинальная длина сантиметрового деления – 10 мм	1 год	Рабочая мера	ООО "РУСГЕОКОМ"	2024-10-14	2025-10-13	Св-во о поверке №С-ЕВЕ/22-11-2023/296698553 от 22.11.2023 г. до 21.11.2024 г. Договор купли-продажи оборудования от 26.01.2024 года с ООО «МБС» Лабораторная инструкция №67
1240	СИ	Динамометр электронный переносной УК-68	АЦД/1У-0,5/1 И-2	10507.0	№24-0082, январь 2024 года	67638-17	1	Пределы допускаемой относительной погрешности динамометра - ±0,45%. Предельные значения составляющих погрешности, связанные с воспроизводимостью показаний b – 0,40, повторяемостью показаний bс - 0,20	Наименьший предел измерений 50 Н, наибольший предел измерений 500 Н, цена деления 0,1 Н	1 год	Рабочая мера	ООО "ФОРТОТЕСТ"	2024-01-24	2025-01-23	Св-во о поверке №С-ЕЛВ/24-01-2024/311512002 от 24.01.2024 г. до 23.01.2025 г.  Договор купли-продажи оборудования от 26.01.2024 года с ООО «МБС» Лабораторная инструкция №68
1241	СИ	Штангенрейсмас с цифровым отчетным устройством УК-69	0-1600	С 00882	№ 24-0083, январь 2024 года	63976-16	1	Пределы допускаемой абсолютной погрешности: от 0 до 300 вкл - ±0,05 мм; от 300 до 1000 - ±0,10 мм; от 1000 до 1600 мм - ±0,20	Диапазон измерения 0…1600 мм, шаг дискретности – 0,01 мм	1 год	Рабочая мера	ООО РМЦ "КАЛИБРОН"	2024-01-24	2025-01-23	Св-во о поверке С-ГЖЕ/24-01-2024/311027845 от 24.01.2024 г. до 23.01.2025 г. Договор купли-продажи оборудования от 26.01.2024 года с ООО «МБС» Лабораторная инструкция №69
1242	СИ	Манометр шинный УК-70	ТМ310Р	С0910316	№24-0087, март 024 года	25913-08	1	Класс точности 2,5, расчетная абсолютная погрешность ±0,015 МПа	Диапазон показаний (0…0,6) МПа	2 года	Рабочая мера	ЗАО "РОСМА"	2023-03-16	2025-03-15	Св-во о поверке №С-ДЛЮ/16-03-2023/231342610 от 16.03.2023 г. до 15.03.2025 г. УПД №10 от 05.03.2024 года Лабораторная инструкция №70
1243	СИ	Прибор для проверки света фар УК-71	модели ОПК	80.0	№ 24-0088, март 2024 года	24828-13	1	Пределы допускаемой абсолютной погрешности измерений углов наклона светотеневой границы - ±15%	Диапазон измерений углов наклона светового пучка в вертикальной плоскости от 0°00' до 2°20' (0 - 400 мм / 10 м) (0 - 4,0 %). Диапазон контролируемой силы света, кд – 0…150000. Пределы допускаемой относительной погрешности измерений силы света, % - ±15. Диапазон измерений частоты следования проблесков указателей поворотов, Гц (проблесков в мин) - от 0,5 до 3 (30-180). Максимальная высота измерений, мм – 1450. Минимальная высота измерений, мм – 250. Диаметр оптической линзы, мм – 200.	1 год	Рабочая мера	Индивидуальный предприниматель МАТВЕЕВА НАТАЛЬЯ ВЛАДИМИРОВНА	2024-02-29	2025-02-28	Св-во о поверке № С-ДХР/29-02-2024/320063500 от 29.02.2024 г. до 28.02.2025 г. Договор купли-продажи оборудования от 15.03.2024 года с ООО «МБС» Лабораторная инструкция №72
1244	ВО	Отвес «MASTER» строительный со шнуром	STAYER 0635-10_z01	б/н	№ 23-0029, Июль 2023 года	-	1	Вес нетто - 0.1 кг, Фрезерованный – нет. Длина, в миллиметрах – 5000. Форма – цилиндр. Материал шнура - синтетическое волокно. Противоударный - Да	-	-	Вспомогательное оборудование	Устройство не поверяется, находится в шкафу с оборудованием, комната №7	\N	\N	Договор купли-продажи оборудования от 01.07.2023 года с ООО «МБС»
1245	ВО	Отвес «MASTER» строительный со шнуром	STAYER 0635-30_z01	б/н	№ 23-0030, Июль 2023 года	-	1	Вес нетто - 0.3 кг, Фрезерованный – нет. Длина, в миллиметрах – 5000. Форма – цилиндр. Материал шнура - синтетическое волокно. Противоударный - Да	-	-	Вспомогательное оборудование	Устройство не поверяется, находится в шкафу с оборудованием, комната №7	\N	\N	Договор купли-продажи оборудования от 01.07.2023 года с ООО «МБС»
1246	ВО	Фиксатор колеса для роликового стенда СТН 1500	-	б/н	№ 23-0031, Июль 2023 года	-	1	Фиксатор колеса ТС предназначен для удержания на стенде, диапазон массы транспортного средства 0-1500 кг	-	-	Вспомогательное оборудование	Устройство не поверяется, находится в шкафу с оборудованием, комната №7	\N	\N	Договор купли-продажи оборудования от 01.07.2023 года с ООО «МБС»
1247	ВО	Компрессор поршневой с ременным приводом NORDBERG УК-42	NC100/360	б/н	№23-0047, Февраль 2015 года	-	1	Компрессор NC100/360 поршневой. Производство Италия. Компактное исполнение. Мобильный на колесах. Эргономичная ручка. Противоударная (порошковая) покраска. Рабочее давление, (бар) – 10. Напряжение, (В) – 380. Производительность, (л/мин) – 360. Объем ресивера, (л) – 100. Скорость холостого хода, (об/мин) – 1570. Потребляемая мощность, (кВт) - 2,2. Тип – передвижной. Масляный. Привод - коаксиальный (прямой). Исполнение – горизонтальное. Ремень А-1143 (А45)	-	-	Вспомогательное оборудование	Оборудование не поверяется, находится в комнате №7	\N	\N	Товарная накладная №42 от 03.02.2015 года Лабораторная инструкция №42 Договор купли-продажи оборудования от 01.07.2023 года с ООО «МБС»
1248	ВО	Терморегулятор	Eberle 6121	б/н	№24-0093, 2007 год	-	2	Максимальная нагрузка регулятора, Вт: 3500 Степень защиты: IP 30	-	\N	Вспомогательное оборудование	Элемент автоматического регулирования отопительного или охлаждающего оборудования предназначен для поддержания температуры на уровне, заданном в зависимости от микроклимата в ИЛ. Оборудование не поверяется, находится в комнате №7	\N	\N	Оборудование предоставлено согласно Договора №5/1 аренды объекта недвижимости от 01.03.2023 года с дополнительным соглашением от 01.07.2023 года к договору №5/1 аренды объекта недвижимости от 01.03.2023 года
1249	ВО	Тепловая завеса	МАКАР ТЗ-18	б/н	№24-0091, 2007 год	-	2	Габариты длина×глубина×высота, мм - 2000х328х213 Тепловая мощность, кВт - 18.00 Масса, кг - 32.00 Комплектация - пульт управления (выносной на проводе) Номинальное напр., В - 380	-	-	Вспомогательное оборудование	Предназначена для создания воздушно-теплового барьера в дверном или оконном проеме, который разделяет воздушные массы снаружи и внутри помещения комнаты №7. Оборудование не поверяется, находится в комнате №7	\N	\N	Оборудование предоставлено согласно Договора №5/1 аренды объекта недвижимости от 01.03.2023 года с дополнительным соглашением от 01.07.2023 года к договору №5/1 аренды объекта недвижимости от 01.03.2023 года
1250	ВО	Тепловая завеса	МАКАР ТЗ-18	б/н	№24-0092, 2007 год	-	2	Габариты длина×глубина×высота, мм - 2000х328х213 Тепловая мощность, кВт - 18.00 Масса, кг - 32.00 Комплектация - пульт управления (выносной на проводе) Номинальное напр., В - 380	-	-	Вспомогательное оборудование	Предназначена для создания воздушно-теплового барьера в дверном или оконном проеме, который разделяет воздушные массы снаружи и внутри помещения комнаты №7. Оборудование не поверяется, находится в комнате №7	\N	\N	Оборудование предоставлено согласно Договора №5/1 аренды объекта недвижимости от 01.03.2023 года с дополнительным соглашением от 01.07.2023 года к договору №5/1 аренды объекта недвижимости от 01.03.2023 года
1251	ВО	Набор инструмента в кейсе	AUTOVIRAZHAV-212094	б/н	№23-0062, Июль 2023 года	-	1	-	-	-	Вспомогательное оборудование	Используется как дополнительный инструмент при обслуживании автотранспорта или оборудования в ИЛ или при осуществлении любого вида крепежа. Оборудование не поверяется, находится в шкафу с оборудованием в комнате №7	\N	\N	(94 предмета, 1/2 1|4 DR, CrV) Договор купли-продажи оборудования от 01.07.2023 года с ООО «МБС»
1252	ВО	ПК, на котором установлено ПО для проведения обработки результатов измерений, полученных на оборудовании MAHA	-	б/н	Инв. № 23-0049, Март 2007 года	-	1	В комплект входит мышь WiredOptikalMouseSBM-329-KY, клавиатура KEYBOARDModelNo: SK-1789, системный блок AquariusStd_MSHS20 S32, зав. номер 2-2070608579402-0003, монитор SamsungSynsMastermodel 795DF, modelcodeLE17J8BB/EDC	-	-	Вспомогательное оборудование	Применяется прикладная программа, установленная на ПК, которая используется при обработке данных, полученных при измерениях или эксперименте. После обработки данных компьютер в численном виде выводит окончательные результаты Оборудование не поверяется, находится в комнате №7	\N	\N	Обрабатываются данные после работы на Стенде тормозном роликовом IW 4 TRUCK, Анализаторе отработавших газов дизельного двигателя (дымомере) MDO2-LON, Анализаторе выхлопных газов двигателя (газоанализаторе комбинированный 5-ти компонентный) MGT5. Товарная накладная №1054 от 14.03.2007 года
1253	ВО	Пряморельсовая система удаления выхлопных газов УК-43	STR-20,3	978456.0	№23-0048, Сентябрь 2007 года	-	1	-	Длина рельса воздуховода в комплекте – 20,3 м; диаметр шланга – 150 мм, длина шланга – 7,5 м, высота установки рельса: минимальная – 3,5 м, максимальная - 5,0 м, рекомендованные значения расхода воздуха для легковых автомобилей (100 л/с) – 360 м3/ч, для грузового автомобиля (300 л/с) – 1080 м3/ч	1 раз в год проверять расход воздуха	Вспомогательное оборудование	Предназначена для удаления выхлопных газов в случаях, когда транспортное средство должно проходить прямой путь с определенным расстоянием в закрытом помещении Оборудование не поверяется, находится в комнате №7	\N	\N	Товарная накладная №13 от 15.08.2007 года Лабораторная инструкция №43
1254	ВО	Линейно-интерактивный источник бесперебойного питания (ИБП) RAPTOR УК-44	RPT-1000A	40297582304.0	№23-0050, Июль 2023 года	-	1	Мощность 1000ВА / 600Вт. ВХОД: Номинальное напряжение 160 ~ 275 В; ВЫХОД: Напряжение (от аккумулятора) - 220/230/240 В ±10%; AVR - Автоматический стабилизатор напряженияс 1 ступенью понижения и 1 ступенью повышения; Времяпереключения - От 2 до 4 мс включая время определения (типовое). ЗАЩИТА: Защита отперегрузки - Автоматическое отключение ИБП при перегрузке 110% от номинальной мощности в течение 60 секунд и130% в течение 3 секунд; Звуковой сигнал - Звуковой сигнал в режиме работы от аккумулятора, при низком заряде аккумулятора, перегрузки и неисправности зарядного устройства. Типовое время перезарядки - 3-4 часа до 90%; Параметры - 12В 9Ач * 2	-	-	Вспомогательное оборудование	Предназначен для защиты от колебаний напряжения, а также подзарядку встроенного аккумулятора. При нарушении питания от электросети ИБП предназначен для питания подключенного оборудования от встроенного аккумулятора. Находится в помещениях ИЛ ООО «Автодиагностика»	\N	\N	Договор купли-продажи оборудования от 01.07.2023 года с ООО «МБС» Лабораторная инструкция №44
1255	ВО	Линейно-интерактивный источник бесперебойного питания (ИБП) RAPTOR УК-45	RPT-1000A	40297562304.0	№23-0051, Июль 2023 года	-	1	Мощность 1000ВА / 600Вт. ВХОД: Номинальное напряжение 160 ~ 275 В; ВЫХОД: Напряжение (от аккумулятора) - 220/230/240 В ±10%; AVR - Автоматический стабилизатор напряженияс 1 ступенью понижения и 1 ступенью повышения; Времяпереключения - От 2 до 4 мс включая время определения (типовое). ЗАЩИТА: Защита отперегрузки - Автоматическое отключение ИБП при перегрузке 110% от номинальной мощности в течение 60 секунд и130% в течение 3 секунд; Звуковой сигнал - Звуковой сигнал в режиме работы от аккумулятора, при низком заряде аккумулятора, перегрузки и неисправности зарядного устройства. Типовое время перезарядки - 3-4 часа до 90%; Параметры - 12В 9Ач * 2	-	-	Вспомогательное оборудование	Предназначен для защиты от колебаний напряжения, а также подзарядку встроенного аккумулятора. При нарушении питания от электросети ИБП предназначен для питания подключенного оборудования от встроенного аккумулятора. Находится в помещениях ИЛ ООО «Автодиагностика»	\N	\N	Договор купли-продажи оборудования от 01.07.2023 года с ООО «МБС» Лабораторная инструкция №44
1256	ВО	Линейно-интерактивный источник бесперебойного питания (ИБП) RAPTOR УК-46	RPT-1000A	40297572304.0	№23-0052, Июль 2023 года	-	1	Мощность 1000ВА / 600Вт. ВХОД: Номинальное напряжение 160 ~ 275 В; ВЫХОД: Напряжение (от аккумулятора) - 220/230/240 В ±10%; AVR - Автоматический стабилизатор напряженияс 1 ступенью понижения и 1 ступенью повышения; Времяпереключения - От 2 до 4 мс включая время определения (типовое). ЗАЩИТА: Защита отперегрузки - Автоматическое отключение ИБП при перегрузке 110% от номинальной мощности в течение 60 секунд и130% в течение 3 секунд; Звуковой сигнал - Звуковой сигнал в режиме работы от аккумулятора, при низком заряде аккумулятора, перегрузки и неисправности зарядного устройства. Типовое время перезарядки - 3-4 часа до 90%; Параметры - 12В 9Ач * 2	-	-	Вспомогательное оборудование	Предназначен для защиты от колебаний напряжения, а также подзарядку встроенного аккумулятора. При нарушении питания от электросети ИБП предназначен для питания подключенного оборудования от встроенного аккумулятора. Находится в помещениях ИЛ ООО «Автодиагностика»	\N	\N	Договор купли-продажи оборудования от 01.07.2023 года с ООО «МБС» Лабораторная инструкция №44
1257	ВО	Линейно-интерактивный источник бесперебойного питания (ИБП) RAPTOR УК-47	RPT-2000AР	40320572303.0	№23-0053, Июль 2023 года	-	1	Мощность 2000ВА / 1200Вт. ВХОД: Номинальное напряжение 220/230/240 В ±25%. ВЫХОД: Напряжение (от аккумулятора) - 220/230/240 В ±5%. Времяпереключения - от 2 до 4 мс включая время определения (типовое). ЗАЩИТА: Защита отперегрузки - Автоматическое отключение ИБП при перегрузке 110% от номинальной мощности в течение 60 секунд и130% в течение 3 секунд; Звуковой сигнал - Звуковой сигнал в режиме работы от аккумулятора, при низком заряде аккумулятора, перегрузки и неисправности зарядного устройства. АККУМУЛЯТОР: Время автономной работы ПК с 17" монитором (нагрузка 150 Вт) - 30 мин. Время работы в режиме батарейной поддержки может отличаться в зависимости от мощности и вида нагрузки, состояния сети электропитания, срока службы батарей, температуры окружающей среды и т.д. Типовое время перезарядки - 3-4 часа до 90%; Параметры - 12В 9Ач * 2.	-	-	Вспомогательное оборудование	Предназначен для защиты от колебаний напряжения, а также подзарядку встроенного аккумулятора. При нарушении питания от электросети ИБП предназначен для питания подключенного оборудования от встроенного аккумулятора. Находится в комнате №7	\N	\N	Договор купли-продажи оборудования от 01.07.2023 года с ООО «МБС» Лабораторная инструкция №44
1258	ВО	Ноутбук MSI	MS-15H2	K2211N0143785	№23-0056, Июль 2023 года	-	1	Modern 15 B12HW-002XRU, 15.6", IPS, Intel Core i5 1235U 1.3ГГц, 10-ядерный, 8ГБ DDR4, 512ГБ SSD, Intel Arc A370M - 4 ГБ, Free DOS, черный [9s7-15h212-002]	-	-	Вспомогательное оборудование	Производитель Китай, 11.2022 года. Ноутбук используется для работы с документами системы менеджмента ИЛ и для утверждения протоколов ИЛ. Кабинет руководителя ИЛ ООО «ЦОТЭ»	\N	\N	Договор купли-продажи оборудования от 01.07.2023 года с ООО «МБС»
1259	ВО	Прибор магнитооптический для контроля подлинности VIN-номеров автомобилей УК-48	«Регула» 7505M	б/н	№23-0054, Июль 2023 года	-	1	Кейс с USB-устройством магнитооптической визуализации: Материал объектов исследования — ферромагнетики, Ширина магнитной ленты, мм — 25,4, Формат файлов изображений — .BMP, .GIF, .JPG, .PCX, Габаритные размеры (длина×ширина×высота), мм, не более — 460×370×180, Масса без портативного персонального компьютера, кг, не более — 10, Напряжение питания от USB-порта — 5, Потребляемая мощность, Вт — 2,5	-	-	Вспомогательное оборудование	Предназначен для контроля подлинности VIN-номеров при помощи неразрушающего исследования поверхности металла для определения подлинности и выявления признаков фальсификации VIN-номеров, восстановления первичных номеров и контроля документов на автотранспортные средства. Шкаф с оборудованием, кабинет №7 Акт выхода из строя№1 от 23.01.2024 года	\N	\N	Договор купли-продажи оборудования от 01.07.2023 года с ООО «МБС» Лабораторная инструкция №48
1260	ВО	Диагностический сканер УК-49	MaxiSys® MS906	б/н	№23-0055, Июль 2023 года	-	1	Операционная система Android 4.4.2 KitKat. Процессор - 6-ядерный процессор Samsung Exynos (четырехядерный ARM Cortex-A7 1,3 ГГц + двухядерный ARM Cortex-A15 1,7 ГГц). Память - ОЗУ 2 ГБ, ПЗУ 32 ГБ. Дисплей - 8,0-дюймовый емкостной сенсорный экран со светодиодной подсветкой и разрешающей способностью 1024 x 768 точек. Система MaxiSys состоит из двух основных компонентов. Диагностический сканер MaxiSys -- предназначен для обработки и отображения информации системы. Интерфейс связи с автомобилем (VCI) -- аппаратное средство доступа к данным автомобиля	-	-	Вспомогательное оборудование	Предназначен для специализированной интеллектуальной диагностики автомобилей. Шкаф с оборудованием, кабинет №7 Акт выхода из строя лабораторного оборудования (СИ, приспособлений, материалов) №2 от 05.02.2024 года	\N	\N	Договор купли-продажи оборудования от 01.07.2023 года с ООО «МБС» Лабораторная инструкция №49
1261	ВО	Сервер	HP ProLiant DL360	JPN71200FS	№ 23-0057, Июль 2023 года	-	1	Gen9 8xSFF / E5-26404v4 x2 / 32 Gb 2400T x4 / PV883 960 Gb x4 / 1.2 Tb HGST x2 / блок питания 800W x2	-	-	Вспомогательное оборудование	Предназначен для хранения информации ИЛ ООО «Автодиагностика», каб №10	\N	\N	Договор купли-продажи оборудования от 01.07.2023 года с ООО «МБС»
1262	ВО	Персональный компьютер	IntelCorei3 10100 / 512Гб SSD / 16Гб DDR4 / Монитор 23,8” / клавиатура+мышь	НАВ2304280328	№ 23-0058, Июль 2023 года	-	1	Процессор — IntelCorei3 10100, LGA 1200; SSD накопитель — A-DataXPGSX6000 ProASX6000PNP-512GT-C 512ГБ, M.2 2280, PCI-E 3.0 x4, NVMe, M.2; Оперативная память — KingstonVALUERAMKVR26N19S6/8 DDR4 — 8ГБ 2666, DIMM, Ret; Материнская плата — GIGABYTEH510MH, LGA 1200, IntelH510, mATX, Ret. Комплект (клавиатура + мышь) A4TECH KR-8520D, USB, проводной, черный. Блок питания Cooler Master MWE 400 V2, 400Вт, 120мм, черный, retail. Монитор Huawei Mate View SE SSN-24 23.8", черный	-	-	Вспомогательное оборудование	Предназначен для формирования текущей документации ИЛ ООО «Автодиагностика»	\N	\N	Договор купли-продажи оборудования от 01.07.2023 года с ООО «МБС»
1263	ВО	Персональный компьютер Intel	Corei3 10100 / 512Гб SSD / 16Гб DDR4 / Монитор 23,8” / клавиатура+мышь	НАВ2304280302	№ 23-0059, Июль 2023 года	-	1	Процессор — IntelCorei3 10100, LGA 1200; SSD накопитель — A-DataXPGSX6000 ProASX6000PNP-512GT-C 512ГБ, M.2 2280, PCI-E 3.0 x4, NVMe, M.2; Оперативная память — KingstonVALUERAMKVR26N19S6/8 DDR4 — 8ГБ 2666, DIMM, Ret; Материнская плата — GIGABYTEH510MH, LGA 1200, IntelH510, mATX, Ret. Комплект (клавиатура + мышь) A4TECH KR-8520D, USB, проводной, черный. Блок питания Cooler Master MWE 400 V2, 400Вт, 120мм, черный, retail. Монитор Huawei Mate View SE SSN-24 23.8", черный	-	-	Вспомогательное оборудование	Предназначен для формирования текущей документации ИЛ ООО «Автодиагностика»	\N	\N	Договор купли-продажи оборудования от 01.07.2023 года с ООО «МБС»
1264	ВО	Противооткатные упоры	-	б/н	№ 23-0063, Июль 2023 года	-	2	-	-	-	Вспомогательное оборудование	Предназначены для предотвращения самопроизвольного движения ТС	\N	\N	Договор купли-продажи оборудования от 01.07.2023 года с ООО «МБС»
1265	ВО	Штатив компактный с телескопической штангой	MT-TR	б/н	№23-0064, Июль 2023 года	-	1	Максимальная нагрузка – 1 кг, максимальная рабочая высота штатива – 25 см, минимальная рабочая высота штатива – 13 см, размер в сложенном состоянии – 14,5 см, резьбовое крепление - 1/4''	-	-	Вспомогательное оборудование	Предназначен для установки шумомера с микрофоном на нужной высоте во время измерений	\N	\N	Договор купли-продажи оборудования от 01.07.2023 года с ООО «МБС»
1266	ВО	Фонарь ручной	Liebherr	б/н	№24-0090	-	2	-	-	-	Вспомогательное оборудование	Используется как дополнительный источник света при проведении измерений	\N	\N	Оборудование предоставлено согласно Договора №5/1 аренды объекта недвижимости от 01.03.2023 года с дополнительным соглашением от 01.07.2023 года к договору №5/1 аренды объекта недвижимости от 01.03.2023 года
1267	ВО	Ноутбук	Lenovo ThinkPad E15 Gen 2 Black (20TES1FT00)	PF-339MZA	№23-0060, Июль 2023 года	-	1	Операционная система: Windows, Диагональ экрана, в дюймах: 15.6, Разрешение экрана: 1920x1080, Тип экрана: IPS, Производитель процессора: Intel, Серия процессора: Core i3, Модель процессора: 1115G4, Количество ядер процессора: 2, Объем оперативной памяти, ГБ: 8, Объем SSD, ГБ: 256, Модель графического процессора: UHD Graphics	-	-	Вспомогательное оборудование	Используется при проведении измерений, испытаний и исследований и формирования первичной технической документации ИЛ ООО «Автодиагностика»	\N	\N	Договор купли-продажи оборудования от 01.07.2023 года с ООО «МБС»
1268	ВО	ТелефонXiaomi Redmi 9A 32GB	М2006C3LG	29238/60ZT04084	№23-0066, март 2021	-	1	Прошивка модуля связи MOLY.LR12A/R3/MP.V107.5.P132, версия ядра 4.9.190-perf-g726745c074e7, внутренняя память 8,53 ГБ, память всего – 32 ГБ. Оперативная память – 2,00 ГБ, процессор – восемь ядер Мах 2,00 ГГц, версия Android 10QP1A.190711/020	-	-	Вспомогательное оборудование	Предназначен для фиксации фото и видеоматериалов при проведении измерений, исследований и испытаний	\N	\N	Счет-фактура № Е-00080487/8055 от 05.03.2021 года
1269	ВО	Плита поверочная чугунная ручного шабрения УК-55	Тип ПП	б/н	№23-0070, сентябрь 2023 года	-	1	Допуск плоскостности и прямолиейности измерительной поверхности, (мкм) – 5, вес, (кг) – 4, размеры, (мм) - 200×100. Плиты поверочные типа ПП изготовлены из чугуна НТ300	-	-	Вспомогательное оборудование	Применяется для контроля плоскостности деталей и проведения разметочных работ, может использоваться как установочная поверхность при сборке, измерениях и поверке. Выпускается с механически обработанными рабочими поверхностями методом ручной шабровки Акт о выводе из эксплуатации №8 от 05.02.2024 года	\N	\N	Счет-фактура №9035407-МСК от 28.09.2023 года
1270	ВО	Тиски слесарные с ручным приводом УК-64	модель ТСЧ-250Н	б/н	№24-0078, январь 2024 года	-	1	Ширина губок 250 мм, ход подвижной губки 200 мм, высота зажима 80 мм, усилие зажима 60000 Н,	-	-	Вспомогательное оборудование	Предназначены для закрепления деталей при выполнении различного вида слесарных работ	\N	\N	В собственности. Договор купли-продажи оборудования от 26.01.2024 года с ООО «МБС». Лабораторная инструкция №64
1271	ВО	Пистолет для подкачки шин	Forcekraft	б/н	№24-0084, январь 2024 года	-	1	-	-	-	Вспомогательное оборудование	Предназначен для применения в шиномонтажных мастерских, станциях технического обслуживания автомобилей и мототехники, а также для автолюбителей	\N	\N	В собственности. Договор купли-продажи оборудования от 26.01.2024 года с ООО «МБС»
1272	ВО	OBD-II сканер диагностический УК-72	THINKTOOL Lite v.2023	960647903559.0	№ 24-0089, март 2024 года	-	1	Версия ПО – V1.3.4 Диагностический планшет THINKTOOL · Емкость батареи:3100 мАч 7,6В · Размер дисплея: 5,99 дюймов · Разрешение: 1440×720 пикселей Диагностический модуль VCI THINKTOOL · Рабочее напряжение: 12В · Рабочий ток: ≤ 60мА Принтер THINKPRINTER · Плотность печати: 576точек/линия · Ширина печати: 3,1 дюймов (80мм) · Скорость печати: 2,3 дюйма/с (60мм/с) Термобумага принтера THINKPRINTER · Размеры: 3,1 дюйма×1,1 дюйма (80см*30см) · Длина: 19,6футов~22,9футов (6м~7м)/рулон	-	-	Вспомогательное оборудование	Сканер системы бортовой диагностики используется для считывания информации из памяти системы бортовой диагностики ТС	\N	\N	В собственности. Договор купли-продажи оборудования от 15.03.2024 года с ООО «МБС» Лабораторная инструкция №71
1273	ВО	Лазерный уровень УК-73	INSTRUMAX ELEMENT 2D	б/н	№24-0094, апрель 2024 года	-	1	Лазерные излучатели 635nm, 7mW. Класс лазера 2. Точность ±1 мм/5м. Рабочий диапазон 10м. Источник питания 2 х АА батарейки. Резьба под штатив 1/4". Вес 220 гр. Размеры 80х86х45 мм.	-	-	Вспомогательное оборудование	Лазерный уровень может использоваться для работ как внутри помещений, так и на улице. Он проецирует 1 горизонтальную и 1 вертикальную линии, а также их пересечение под прямым углом (лазерный крест). Режим работы с приемником подходит для работы при ярком освещении или на большом расстоянии, увеличивая дальность измерения до 70 метров. При промежуточном положении замка компенсатора появляется возможность для разметки наклонных линий.	\N	\N	В собственности. Договор купли-продажи оборудования от 17.04.2024 года с ООО «МБС» Лабораторная инструкция №73
1274	ИО	Комплект радиусных шаблонов (1мм; 1,5мм; 2,5мм; 3,2мм; 5мм) УК-31	ТД-127	ТД-012/23	№ 23-0003, Июль 2023 года	-	1	Предельные отклонения рабочего радиуса, мм: 10; 20; 20; 24; 30	Рабочий радиус, мм: 1,0; 1,5; 2,5; 3,2; 5,0	24 месяца	Испытательное оборудование	ФБУ "Костромской ЦСМ"	2023-04-18	2025-04-17	Аттестат № 269/А/317 от 18.04.2023 года Протокол №269/а/317 от 18.04.2023 года Договор купли-продажи оборудования от 01.07.2023 года с ООО «МБС» Лабораторная инструкция № 31
1275	ИО	Шар испытательный неметаллический 100 мм УК-32	ТД-056.100	ТД-086/23	№ 23-0001, Июль 2023 года	-	1	±3 мм	Диаметр - 100 мм	24 месяца	Испытательное оборудование	ФБУ "Костромской ЦСМ"	2023-04-18	2025-04-17	Аттестат № 268/А/317 от 18.04.2023 года Протокол №268/а/317 первичной аттестации ИО от 18.04.2023 года Договор купли-продажи оборудования от 01.07.2023 года с ООО «МБС» Лабораторная инструкция № 32
1276	ИО	Шар испытательный неметаллический 165 мм УК-33	ТД-056.165	ТД-074/23	№ 23-0002, Июль 2023 года	-	1	±5 мм	Диаметр - 165 мм	24 месяца	Испытательное оборудование	ФБУ "Костромской ЦСМ"	2023-04-18	2025-04-17	Аттестат № 267/А/317 от 18.04.2023 года Протокол №267/а/317 первичной аттестации ИО от 18.04.2023 года Договор купли-продажи оборудования от 01.07.2023 года с ООО «МБС» Лабораторная инструкция № 32
1277	ИО	Нагружатель сцепного устройства с создаваемым усилием до 3,7кН УК-3	Артикул ТО 001-001-2012	208.0	№23-0034, октябрь 2013 года	-	1	-	Создаваемое усилие на сцепной головке (0…3700) Н; рабочее давление воздуха (0…7) кгс/см2	-	Испытательное оборудование	Акт о выводе из эксплуатации№5 от 18.01.2024 года	\N	\N	Товарная накладная №969 от 09.10.2013 года Лабораторная инструкция №3 Договор купли-продажи оборудования от 01.07.2023 года с ООО «МБС»
1278	ИО	Тестер люфтов пневматический для а/м с нагрузкой на ось до 16 т УК-29	ТЛ8000	52.0	№ 23-0026, Июль 2023 года	-	1	-	Максимальная осевая нагрузка – 16000 кг, максимальная нагрузка на площадку тестера – 8000 кг, длина площадки – не более 800 мм, ширина площадки не более 800 мм, высота площадки не более 40 мм, ход центра площадки по направлению движения влево/вправо не менее 123 мм, ход центра площадки по направлению движения вперед/назад не менее 123 мм, ход площадки по диагонали не менее 172 мм	-	Испытательное оборудование	Аттестация испытательного оборудования согласно ГОСТ 8.568-2017. АттестатVDL-AB-036/02-24 от 31.01.2024 года до 30.01.2026 года, выдан ООО «ВИДА». Протокол №036/02-24 от 31.01.2024 года	\N	\N	Договор купли-продажи оборудования от 01.07.2023 года с ООО «МБС» Лабораторная инструкция № 29
1279	ИО	Нагружатель сцепного устройства прицепа УК-30	СТСЗ.11.00.10.600	64.0	№ 23-0027, Июль 2023 года	-	1	Пределы допускаемой относительной погрешности - ±5%	Диапазон усилия вталкивания сцепного устройства - (50…3700) Н	-	Испытательное оборудование	Акт о выводе из эксплуатации №4 от 18.01.2024 года	\N	\N	Договор купли-продажи оборудования от 01.07.2023 года с ООО «МБС» Лабораторная инструкция № 30
1280	ИО	Прибор проверки герметичности пневматического тормозного привода автотранспортных средств УК-2	М-100-02	628.0	№ 23-0033, май 2007 года	-	1	Погрешность измерения зависим от используемого манометра при измерениях	Давление воздуха в контрольных выводах привода от 0 до 1 МПа (от 0 до 10 кгс/см2)	-	Испытательное оборудование	Аттестат VDL-AB-037/02-24 от 31.01.2024 года, выдан ООО "ВИДА" до 30.01.2026 года. Протокол №037/02-24 от 31.01.2024 года Поверяется манометр, входящий в состав вспомогательного оборудования (манометр избыточного давления показывающий МП3-Уф, (0-10) kgf/cm2, КТ 1,5). Св-во о поверке манометра №С-ЕВЖ/07-03-2024/324078731 от 07.03.2024 г. до 06.03.2026 г. https://fgis.gost.ru/fundmetrology/cm/results/1-324078731	\N	\N	Товарная накладная №3 от 18.05.2007 года Лабораторная инструкция №2 Договор купли-продажи оборудования от 01.07.2023 года с ООО «МБС»
1281	ИО	Гиря УК-74	-	б/н	Инв. №12/1, Июль 2023 года	-	1	-	Масса гири 12 кг	-	Испытательное оборудование	Предназначены для использования проверки правильности показания весов автомобильных при проверке их на неравномерность и чувствительность при проведении ТО. Аттестация испытательного оборудования согласно ГОСТ 8.568-2017. АттестатVDL-AB-038/02-24 от 31.01.2024 года, выдан ООО «ВИДА» до 30.01.2026 года. Протокол №038/02-24 от 31.01.2024 года	\N	\N	Договор купли-продажи оборудования от 20.10.2023 года с ООО «МБС»
1282	ИО	Гиря УК-74	-	б/н	Инв. №24/1, Июль 2023 года	-	1	-	Масса гири 24 кг	-	Испытательное оборудование	Предназначены для использования проверки правильности показания весов автомобильных при проверке их на неравномерность и чувствительность при проведении ТО. Аттестация испытательного оборудования согласно ГОСТ 8.568-2017. АттестатVDL-AB-038/02-24 от 31.01.2024 года, выдан ООО «ВИДА» до 30.01.2026 года. Протокол №038/02-24 от 31.01.2024 года	\N	\N	Договор купли-продажи оборудования от 20.10.2023 года с ООО «МБС»
1283	ИО	Гиря УК-74	-	б/н	Инв. №32/1, №32/2, Июль 2023 года	-	2	-	Масса гири 32 кг	-	Испытательное оборудование	Предназначены для использования проверки правильности показания весов автомобильных при проверке их на неравномерность и чувствительность при проведении ТО. Аттестация испытательного оборудования согласно ГОСТ 8.568-2017. АттестатVDL-AB-038/02-24 от 31.01.2024 года, выдан ООО «ВИДА» до 30.01.2026 года. Протокол №038/02-24 от 31.01.2024 года	\N	\N	Договор купли-продажи оборудования от 20.10.2023 года с ООО «МБС»
1284	ИО	Блин УК-75	-	б/н	Инв. №1/1, ½, 1/3, ¼, 1/5, 1/6, 1/7, 1/8, 1/9, 1/10, 1/11, 1/12, 1/13, 1/14, Июль 2023 года	-	14	-	Масса блина 1 кг	-	Испытательное оборудование	Предназначены для использования проверки правильности показания весов автомобильных при проверке их на неравномерность и чувствительность при проведении ТО. Аттестация испытательного оборудования согласно ГОСТ 8.568-2017. АттестатVDL-AB-039/02-24 от 31.01.2024 года, выдан ООО «ВИДА» до 30.01.2026 года Протокол №039/02-24 от 31.01.2024 года	\N	\N	Договор купли-продажи оборудования от 20.10.2023 года с ООО «МБС»
1285	ИО	Правило алюминиевое с уровнем	MATRIX 89641	-	№ 23-0028, Июль 2023 года	-	1	-	Длина - 3 м, Количество колб - 2 шт, Наличие ручек – да, Форма - прямоугольник, Вес нетто - 2.45 кг, Уровень - есть. Алюминиевое правило с уровнем, L-3,0 м MATRIX 89641 предназначено для нанесения и выравнивания штукатурного слоя. Оно изготовлено из алюминиевого сплава и обладает отличным качеством. Правило с уровнем имеет ребра жесткости, которые придают дополнительную прочность инструменту.	-	Испытательное оборудование	Устройство не поверяется, находится в шкафу с оборудованием, комната №7 Акт о выводе из эксплуатации №7 от 18.01.2024 года	\N	\N	Договор купли-продажи оборудования от 01.07.2023 года с ООО «МБС»
1286	РМ	Мешки для строительного мусора	-	-	Январь 2024 года	-	60	Объем мешка (л) - 70 Высота (см) - 95 Ширина (см) - 55 Толщина (микрон) - 85 Основной материал - Полипропилен Количество в наборе - 50 Максимальная нагрузка (кг) - 50 Страна производства - Россия Цвет - Белый	-	-	Расходные материалы	Мешки для мусора используются для сбора и удаления мелких твердых отходов, строительного или иного мусора и доставки к накопителям или местам переработки.	\N	\N	Договор купли-продажи оборудования от 26.01.2024 года с ООО «МБС»
2186	ИО	Площадка Б		-	№ 24-0086		1						\N	\N	№ Д1-1/24 \r\nот 14.08.2024 г. до 13.08.2025 г.
2185	ИО	Площадка в комнате № 7		-	№ 24-0085		1						\N	\N	Аттестат № СК-029/01-2024\r\nот 31.01.2024 г. до 30.01.2025 г.
\.


--
-- Data for Name: equipment_equipmentgroup; Type: TABLE DATA; Schema: public; Owner: auto_admin
--

COPY public.equipment_equipmentgroup (id, name, description, conditions, created_at) FROM stdin;
4	Для бензиновых авто		[{"field": "fuel_type", "value": "gasoline"}]	2025-02-18 21:17:11.858561+04
3	Для дизелных авто		[{"field": "fuel_type", "value": "diesel"}]	2025-02-18 16:07:37.986172+04
5	Для электрических авто		[{"field": "fuel_type", "value": "electric"}]	2025-02-18 23:10:55.090392+04
\.


--
-- Data for Name: equipment_equipmentgroup_equipment; Type: TABLE DATA; Schema: public; Owner: auto_admin
--

COPY public.equipment_equipmentgroup_equipment (id, equipmentgroup_id, equipment_id) FROM stdin;
536	3	1191
537	3	1192
538	3	1195
539	3	1199
540	3	1200
541	3	1201
542	3	1202
543	3	1203
544	3	1205
545	3	1209
546	3	1212
547	3	1215
548	3	1216
549	3	1218
550	3	1220
551	3	1227
552	3	1228
553	3	1229
554	3	1233
555	3	1236
556	3	1237
557	3	1238
558	3	1239
559	3	1240
560	3	1241
561	3	1242
562	3	1243
563	3	1281
564	3	1282
565	3	1283
566	3	1284
567	3	2185
568	3	2186
569	3	1274
570	3	1275
571	3	1276
572	3	1278
573	3	1253
574	3	1264
575	3	1265
576	3	1266
577	3	1267
578	3	1268
579	3	1270
580	3	1272
581	3	1244
582	3	1245
583	3	1247
617	5	1191
618	5	1195
619	5	1199
620	5	1200
621	5	1201
622	5	1202
468	4	1191
469	4	1192
470	4	1195
471	4	1199
472	4	1200
473	4	1201
474	4	1202
475	4	1203
476	4	1205
477	4	1212
478	4	1214
479	4	1215
480	4	1216
481	4	1218
482	4	1220
483	4	1228
484	4	1233
485	4	1235
486	4	1236
487	4	1239
488	4	1240
489	4	1241
490	4	1243
491	4	1281
492	4	1282
493	4	1283
494	4	1284
495	4	2185
496	4	2186
497	4	1274
498	4	1275
499	4	1276
500	4	1278
501	4	1253
502	4	1264
503	4	1265
504	4	1266
505	4	1267
506	4	1268
507	4	1270
508	4	1272
509	4	1244
510	4	1245
511	4	1247
623	5	1203
624	5	1205
625	5	1209
626	5	1215
627	5	1216
628	5	1218
629	5	1220
630	5	1227
631	5	1228
632	5	1229
633	5	1233
634	5	1236
635	5	1237
636	5	1238
637	5	1239
638	5	1241
639	5	1242
640	5	1243
641	5	1281
642	5	1282
643	5	1283
644	5	1284
645	5	2185
646	5	2186
647	5	1274
648	5	1275
649	5	1276
650	5	1278
651	5	1264
652	5	1266
653	5	1267
654	5	1268
655	5	1270
656	5	1272
657	5	1244
658	5	1245
659	5	1247
\.


--
-- Data for Name: organization_organization; Type: TABLE DATA; Schema: public; Owner: auto_admin
--

COPY public.organization_organization (id, name, shortname, inn, kpp, ogrn, legal_address, actual_address, checking_account, correspondent_account, namebank, bik, email, phone, website, accreditation_number) FROM stdin;
1	Общество с ограниченной ответственностью «Автодиагностика»	ООО «Автодиагностика»	5032051769	503201001	1035006460180	143002, Московская область, Одинцовский г.о., г. Одинцово, ул. Акуловская, д. 11А, стр. 3	143002, Россия, Московская обл., район Одинцовский, г. Одинцово, ул. Акуловская, д. 11а, строен. 3, комната № 7, 9, 10, 18; 143002, Россия, Московская обл., г.о. Одинцовский, г. Одинцово, ул. Акуловская, з/у 11А/3, площадка Б	40702810825220000032	30101810145250000411	ФИЛИАЛ «ЦЕНТРАЛЬНЫЙ» БАНКА ВТБ (ПАО)	044525411	rulab-auto@bk.ru	8-9015155415	WWW.OPERATOR-AUTO.RU	RA.RU.21РН40 от 04.09.2024
\.


--
-- Data for Name: vehicles_customerdata; Type: TABLE DATA; Schema: public; Owner: auto_admin
--

COPY public.vehicles_customerdata (id, legal_address, actual_address, receipt_date, customer_infos, vehicle_id, custom_info) FROM stdin;
5	фыфыфЫфы	фыфы	2025-02-06	фыфыфы	5	фыфыфыфы
6	???????	???????	2025-02-07		6	???????
8	143001, Российская Федерация, Московская область, Одинцовский Район, Город Одинцово, ул. Чистяковой, д. 68, кв. 270	143001, Российская Федерация, Московская область, Одинцовский Район, Город Одинцово, ул. Чистяковой, д. 68, кв. 270	2024-12-12	в полном объеме	8	Мусаев Алпай Акперович
9	413722, Российская Федерация, Саратовская область, город Пугачев, улица Кутякова, д. 30	413722, Российская Федерация, Саратовская область, город Пугачев, улица Кутякова, д. 30	2024-11-13	в полном объеме	9	Лыманюк Алексей Александрович
10	Российская Федерация, 127576, Москва, ш. Алтуфьевское, дом 91, кв. 1	Российская Федерация, 127576, Москва, ш. Алтуфьевское, дом 91, кв. 1	2024-11-08	в полном объеме	10	Королев Даниил Сергеевич
11	143001, Российская Федерация, Московская область, Одинцовский Район, Город Одинцово, ул. Чистяковой, д. 68, кв. 270	143001, Российская Федерация, Московская область, Одинцовский Район, Город Одинцово, ул. Чистяковой, д. 68, кв. 270	2024-12-12	в полном объеме	11	Мусаев Алпай Акперович
\.


--
-- Data for Name: vehicles_electricmachine; Type: TABLE DATA; Schema: public; Owner: auto_admin
--

COPY public.vehicles_electricmachine (id, brand, machine_type, voltage, max_power_30min, vehicle_id) FROM stdin;
\.


--
-- Data for Name: vehicles_electricmotor; Type: TABLE DATA; Schema: public; Owner: auto_admin
--

COPY public.vehicles_electricmotor (id, brand, motor_type, voltage, max_power_30min, vehicle_id) FROM stdin;
\.


--
-- Data for Name: vehicles_seatrow; Type: TABLE DATA; Schema: public; Owner: auto_admin
--

COPY public.vehicles_seatrow (id, row_number, seat_count, vehicle_id) FROM stdin;
\.


--
-- Data for Name: vehicles_testdata; Type: TABLE DATA; Schema: public; Owner: auto_admin
--

COPY public.vehicles_testdata (id, test_address, test_date, temperature, humidity, pressure, additional_info, additional_info_two, vehicle_id) FROM stdin;
6	1) 143002, РОССИЯ, Московская область, район Одинцовский, \r\nг. Одинцово, ул. Акуловская, д. 11а, строение 3, комната №7;  \r\n2) 143002, РОССИЯ, Московская область, г.о. Одинцовский, \r\nг. Одинцово, ул. Акуловская, з/у 11А/3, площадка Б	2025-02-07	В помещении – 21,6\r\nВ помещении с открытыми воротами – 21,1\r\nПри проведении испытаний на дороге – -4,1	В помещении – 58 \r\nВ помещении с открытыми воротами – 62 \r\nПри проведении испытаний на дороге – 72	В помещении – 102,7\r\nВ помещении с открытыми воротами – 102,7\r\nПри проведении испытаний на дороге – 102,7	Давление в шинах:\r\nПереднее правое – 220 кПа; Переднее левое – 220 кПа;\r\nЗаднее правое – 220 кПа; Заднее левое – 220 кПа	Микрофон находится на удалении от шумоотражающих объектов на расстоянии не менее 1,5 м во всех направлениях	6
5	ФыфЫфы	2025-02-19	фЫфыф	фыфы	Фыыы	фЫфы	фыфы	5
8	1) 143002, РОССИЯ, Московская область, район Одинцовский, \r\nг. Одинцово, ул. Акуловская, д. 11а, строение 3, комната №7;  \r\n2) 143002, РОССИЯ, Московская область, г.о. Одинцовский, \r\nг. Одинцово, ул. Акуловская, з/у 11А/3, площадка Б	2024-12-12	В помещении – 21,2\r\nВ помещении с открытыми воротами – 20,7 \r\nПри проведении испытаний на дороге – -3,8	В помещении – 66 \r\nВ помещении с открытыми воротами – 69  \r\nПри проведении испытаний на дороге – 86	В помещении – 98,5\r\nВ помещении с открытыми воротами – 98,5\r\nПри проведении испытаний на дороге – 98,5	Давление в шинах:\r\nПереднее правое – 230 кПа; Переднее левое – 230 кПа;\r\nЗаднее правое – 230 кПа; Заднее левое – 230 кПа;	Микрофон находится на удалении от шумоотражающих объектов на расстоянии не менее 1,5 м во всех направлениях	8
9	1) 143002, РОССИЯ, Московская область, район Одинцовский, \r\nг. Одинцово, ул. Акуловская, д. 11а, строение 3, комната №7;  \r\n2) 143002, РОССИЯ, Московская область, г.о. Одинцовский, \r\nг. Одинцово, ул. Акуловская, з/у 11А/3, площадка Б	\N	В помещении - 20,5\r\nВ помещении с открытыми воротами - 19,8 \r\nПри проведении испытаний на дороге - 2,1	В помещении - 69\r\nВ помещении с открытыми воротами - 73\r\nПри проведении испытаний на дороге - 80	В помещении - 99,8\r\nВ помещении с открытыми воротами - 99,8 \r\nПри проведении испытаний на дороге - 99,8	Давление в шинах:\r\nПереднее правое – 240 кПа; Переднее левое – 240 кПа;\r\nЗаднее правое – 230 кПа; Заднее левое – 230 кПа;	Микрофон находится на удалении от шумоотражающих объектов на расстоянии не менее 1,5 м во всех направлениях	9
10	1) 143002, РОССИЯ, Московская область, район Одинцовский, г. Одинцово, ул. Акуловская, д. 11а, строение 3, комната №7;  \r\n2) 143002, РОССИЯ, Московская область, г.о. Одинцовский, г. Одинцово, ул. Акуловская, з/у 11А/3, площадка Б	2024-11-08	В помещении – 19\r\nВ помещении с открытыми воротами – 18,5\r\nПри проведении испытаний на дороге - 5	В помещении - 68\r\nВ помещении с открытыми воротами - 72\r\nПри проведении испытаний на дороге - 89	В помещении – 100,4\r\nВ помещении с открытыми воротами – 100,4\r\nПри проведении испытаний на дороге – 100,4	Давление в шинах:\r\nПереднее правое – 250 кПа; Переднее левое – 250 кПа;\r\nЗаднее правое – 250 кПа; Заднее левое – 250 кПа;		10
11	1) 143002, РОССИЯ, Московская область, район Одинцовский, \r\nг. Одинцово, ул. Акуловская, д. 11а, строение 3, комната №7;  \r\n2) 143002, РОССИЯ, Московская область, г.о. Одинцовский, \r\nг. Одинцово, ул. Акуловская, з/у 11А/3, площадка Б	2024-12-12	В помещении – 21,2\r\nВ помещении с открытыми воротами – 20,7 \r\nПри проведении испытаний на дороге – -3,8	В помещении – 66 \r\nВ помещении с открытыми воротами – 69  \r\nПри проведении испытаний на дороге – 86	В помещении – 98,5\r\nВ помещении с открытыми воротами – 98,5\r\nПри проведении испытаний на дороге – 98,5	Давление в шинах:\r\nПереднее правое – 230 кПа; Переднее левое – 230 кПа;\r\nЗаднее правое – 230 кПа; Заднее левое – 230 кПа;	Микрофон находится на удалении от шумоотражающих объектов на расстоянии не менее 1,5 м во всех направлениях	11
\.


--
-- Data for Name: vehicles_vehicle; Type: TABLE DATA; Schema: public; Owner: auto_admin
--

COPY public.vehicles_vehicle (id, brand, vin, engine_number, body_number, fuel_type, additional_equipment, assembly_plant, assembly_plant_address, axis_1_weight, axis_2_weight, axis_3_weight, axis_4_weight, backup_brake_system, body_type, cabin_description, cabin_type, cargo_space_description, cargo_space_type, chassis, clutch, color, color_shade, commercial_name, compression_ratio, country_code, curb_weight, cylinder_arrangement, cylinder_count, door_count, drive_layout, driving_wheels, eco_class, energy_storage, energy_storage_description, engine_displacement, engine_position, exhaust_system, export_country, fifth_wheel_load, frame_number, front_suspension, front_tires, front_track, fuel_system, gearbox, height, hybrid_description, hybrid_energy_storage, hybrid_energy_storage_description, ice_brand, ice_type, ignition_system, length, manufacture_date, manufacturer_actual_address, manufacturer_legal_address, manufacturer_name, manufacturing_country, max_power, max_power_rpm, max_road_train_mass, max_weight, mileage, parking_brake_system, rear_suspension, rear_tires, rear_track, service_brake_system, special_purpose, steering, total_seats, trailer_mass_with_brakes, trailer_mass_without_brakes, transmission, uveos_call_date, uveos_number, vehicle_category, vehicle_type, wheel_formula, wheelbase, width) FROM stdin;
8	Toyota	JTMAAABJ9R4092292			diesel				\N	\N	\N	\N							Отсутствует				LAND CRUISER 300	\N		\N		\N	\N						\N				\N				\N			\N							\N	2024-11-01	Toyota Auto Body Co., Ltd., Yoshiwara Plan (Toyota Auto Body Co., Ltd.,\r\nYoshiwara Plan), 25, Kamifujiike, Yoshivaracho, Toyota City, Aichi, Япония	471-8571 1 Toyota-cho 471-8571 Toyota-Aichi Japan	"Toyota Motor Corporation." ("Toyota Motor Corporation.")		\N	\N	\N	\N	14				\N				\N	\N	\N		\N		M1G	FJA300L-GMUZYW		\N	\N
9	Toyota	JTNMH11020J000750			gasoline				\N	\N	\N	\N							Отсутствует				IQ	\N		\N		\N	\N						\N				\N				\N			\N							\N	2009-05-01	1 Sanko, Honda-Cho, Toyota City, Aichi, Япония	1 Sanko, Honda-Cho, Toyota City, Aichi, Япония	Toyota Motor Corporation, Takaoka Plant (Toyota Motor Corporation, Takaoka Plant)		\N	\N	\N	\N	73159				\N				\N	\N	\N		\N		M1	AJ1		\N	\N
10	ZEEKR	L6T79NCE2RN057875			electric				\N	\N	\N	\N							Отсутствует				7X	\N		\N		\N	\N						\N				\N				\N			\N							\N	2024-09-24	No. 118, Gangcheng Road, Meishan Street, Beilun District, Ningbo City, Zhejiang Province	No. 118, Gangcheng Road, Meishan Street, Beilun District, Ningbo City, Zhejiang Province	Zhejiang Geely Automobile Co., Ltd. (Zhejiang Geely Automobile Co., Ltd.)		\N	\N	\N	\N	50				\N				\N	\N	\N		\N		М1	MR6481BEV100		\N	\N
11	Toyota (копия)	JTMAAABJ9R4092292			diesel				\N	\N	\N	\N							Отсутствует				LAND CRUISER 300	\N		\N		\N	\N						\N				\N				\N			\N							\N	2024-11-01	Toyota Auto Body Co., Ltd., Yoshiwara Plan (Toyota Auto Body Co., Ltd.,\r\nYoshiwara Plan), 25, Kamifujiike, Yoshivaracho, Toyota City, Aichi, Япония	471-8571 1 Toyota-cho 471-8571 Toyota-Aichi Japan	"Toyota Motor Corporation." ("Toyota Motor Corporation.")		\N	\N	\N	\N	14				\N				\N	\N	\N		\N		M1G	FJA300L-GMUZYW		\N	\N
5	CX-6	12312213			electric				\N	\N	\N	\N							asdsad				Mazda	\N		\N		\N	\N						\N				\N				\N			\N							\N	\N					\N	\N	\N	\N	\N				\N				\N	\N	\N		\N			adas		\N	\N
6	BMW	WBA31EH07SCT53491			gasoline		BMW AG, Plant München (BMW AG, Plant München), Petuelring 130, 80788 Munich, Germany		\N	\N	\N	\N							Отсутствует				740I XDRIVE	\N		\N		\N	\N						\N				\N				\N			1544							5391	2024-01-01		D-80788, Munchen, Германия	"Bayerische Motoren Werke AG " ("Bayerische Motoren Werke AG ")		\N	\N	\N	\N	168				\N				\N	\N	\N		\N		M1	G7L		\N	1950
\.


--
-- Data for Name: vehicles_vehiclephoto; Type: TABLE DATA; Schema: public; Owner: auto_admin
--

COPY public.vehicles_vehiclephoto (id, image, description, uploaded_at, vehicle_id) FROM stdin;
7	vehicles/2025/02/15/1151591s-1920_MIJ311Y.jpg		2025-02-16 00:06:54.533388+04	5
8	vehicles/2025/02/15/HaWm2M_urwoepY9z0yNpNcThD5A-1920_c2LGZiY.jpg		2025-02-16 00:06:54.536083+04	5
\.


--
-- Data for Name: vehicles_vehicleprotocol; Type: TABLE DATA; Schema: public; Owner: auto_admin
--

COPY public.vehicles_vehicleprotocol (id, protocol_type, docx_file, pdf_file, created_at, vehicle_id) FROM stdin;
7	1	protocols/docx/5/protocol_1.docx	protocols/pdf/5/protocol_1.pdf	2025-02-16 00:08:08.183734+04	5
8	2	protocols/docx/5/protocol_2.docx	protocols/pdf/5/protocol_2.pdf	2025-02-16 00:08:10.908947+04	5
9	1	protocols/docx/6/protocol_1.docx	protocols/pdf/6/protocol_1.pdf	2025-02-17 13:40:21.22805+04	6
10	2	protocols/docx/6/protocol_2.docx	protocols/pdf/6/protocol_2.pdf	2025-02-17 13:40:24.479281+04	6
11	1	protocols/docx/8/protocol_1.docx	protocols/pdf/8/protocol_1.pdf	2025-02-18 21:05:16.121076+04	8
12	2	protocols/docx/8/protocol_2.docx	protocols/pdf/8/protocol_2.pdf	2025-02-18 21:05:19.184434+04	8
13	1	protocols/docx/9/protocol_1.docx	protocols/pdf/9/protocol_1.pdf	2025-02-18 22:29:26.892118+04	9
14	2	protocols/docx/9/protocol_2.docx	protocols/pdf/9/protocol_2.pdf	2025-02-18 22:29:29.30658+04	9
15	1	protocols/docx/10/protocol_1.docx	protocols/pdf/10/protocol_1.pdf	2025-02-18 23:23:59.710542+04	10
16	2	protocols/docx/10/protocol_2.docx	protocols/pdf/10/protocol_2.pdf	2025-02-18 23:24:02.284588+04	10
\.


--
-- Name: auth_group_id_seq; Type: SEQUENCE SET; Schema: public; Owner: auto_admin
--

SELECT pg_catalog.setval('public.auth_group_id_seq', 1, false);


--
-- Name: auth_group_permissions_id_seq; Type: SEQUENCE SET; Schema: public; Owner: auto_admin
--

SELECT pg_catalog.setval('public.auth_group_permissions_id_seq', 1, false);


--
-- Name: auth_permission_id_seq; Type: SEQUENCE SET; Schema: public; Owner: auto_admin
--

SELECT pg_catalog.setval('public.auth_permission_id_seq', 68, true);


--
-- Name: auth_user_groups_id_seq; Type: SEQUENCE SET; Schema: public; Owner: auto_admin
--

SELECT pg_catalog.setval('public.auth_user_groups_id_seq', 1, false);


--
-- Name: auth_user_id_seq; Type: SEQUENCE SET; Schema: public; Owner: auto_admin
--

SELECT pg_catalog.setval('public.auth_user_id_seq', 1, true);


--
-- Name: auth_user_user_permissions_id_seq; Type: SEQUENCE SET; Schema: public; Owner: auto_admin
--

SELECT pg_catalog.setval('public.auth_user_user_permissions_id_seq', 1, false);


--
-- Name: django_admin_log_id_seq; Type: SEQUENCE SET; Schema: public; Owner: auto_admin
--

SELECT pg_catalog.setval('public.django_admin_log_id_seq', 1, false);


--
-- Name: django_content_type_id_seq; Type: SEQUENCE SET; Schema: public; Owner: auto_admin
--

SELECT pg_catalog.setval('public.django_content_type_id_seq', 17, true);


--
-- Name: django_migrations_id_seq; Type: SEQUENCE SET; Schema: public; Owner: auto_admin
--

SELECT pg_catalog.setval('public.django_migrations_id_seq', 35, true);


--
-- Name: equipment_equipment_id_seq; Type: SEQUENCE SET; Schema: public; Owner: auto_admin
--

SELECT pg_catalog.setval('public.equipment_equipment_id_seq', 2186, true);


--
-- Name: equipment_equipmentgroup_equipment_id_seq; Type: SEQUENCE SET; Schema: public; Owner: auto_admin
--

SELECT pg_catalog.setval('public.equipment_equipmentgroup_equipment_id_seq', 659, true);


--
-- Name: equipment_equipmentgroup_id_seq; Type: SEQUENCE SET; Schema: public; Owner: auto_admin
--

SELECT pg_catalog.setval('public.equipment_equipmentgroup_id_seq', 5, true);


--
-- Name: organization_organization_id_seq; Type: SEQUENCE SET; Schema: public; Owner: auto_admin
--

SELECT pg_catalog.setval('public.organization_organization_id_seq', 1, false);


--
-- Name: vehicles_electricmachine_id_seq; Type: SEQUENCE SET; Schema: public; Owner: auto_admin
--

SELECT pg_catalog.setval('public.vehicles_electricmachine_id_seq', 1, false);


--
-- Name: vehicles_electricmotor_id_seq; Type: SEQUENCE SET; Schema: public; Owner: auto_admin
--

SELECT pg_catalog.setval('public.vehicles_electricmotor_id_seq', 1, false);


--
-- Name: vehicles_seatrow_id_seq; Type: SEQUENCE SET; Schema: public; Owner: auto_admin
--

SELECT pg_catalog.setval('public.vehicles_seatrow_id_seq', 1, false);


--
-- Name: vehicles_testdata_id_seq; Type: SEQUENCE SET; Schema: public; Owner: auto_admin
--

SELECT pg_catalog.setval('public.vehicles_testdata_id_seq', 11, true);


--
-- Name: vehicles_vehicle_id_seq; Type: SEQUENCE SET; Schema: public; Owner: auto_admin
--

SELECT pg_catalog.setval('public.vehicles_vehicle_id_seq', 11, true);


--
-- Name: vehicles_vehiclephoto_id_seq; Type: SEQUENCE SET; Schema: public; Owner: auto_admin
--

SELECT pg_catalog.setval('public.vehicles_vehiclephoto_id_seq', 8, true);


--
-- Name: vehicles_vehicleprotocol_id_seq; Type: SEQUENCE SET; Schema: public; Owner: auto_admin
--

SELECT pg_catalog.setval('public.vehicles_vehicleprotocol_id_seq', 16, true);


--
-- Name: vehicles_сustomerdata_id_seq; Type: SEQUENCE SET; Schema: public; Owner: auto_admin
--

SELECT pg_catalog.setval('public."vehicles_сustomerdata_id_seq"', 11, true);


--
-- Name: auth_group auth_group_name_key; Type: CONSTRAINT; Schema: public; Owner: auto_admin
--

ALTER TABLE ONLY public.auth_group
    ADD CONSTRAINT auth_group_name_key UNIQUE (name);


--
-- Name: auth_group_permissions auth_group_permissions_group_id_permission_id_0cd325b0_uniq; Type: CONSTRAINT; Schema: public; Owner: auto_admin
--

ALTER TABLE ONLY public.auth_group_permissions
    ADD CONSTRAINT auth_group_permissions_group_id_permission_id_0cd325b0_uniq UNIQUE (group_id, permission_id);


--
-- Name: auth_group_permissions auth_group_permissions_pkey; Type: CONSTRAINT; Schema: public; Owner: auto_admin
--

ALTER TABLE ONLY public.auth_group_permissions
    ADD CONSTRAINT auth_group_permissions_pkey PRIMARY KEY (id);


--
-- Name: auth_group auth_group_pkey; Type: CONSTRAINT; Schema: public; Owner: auto_admin
--

ALTER TABLE ONLY public.auth_group
    ADD CONSTRAINT auth_group_pkey PRIMARY KEY (id);


--
-- Name: auth_permission auth_permission_content_type_id_codename_01ab375a_uniq; Type: CONSTRAINT; Schema: public; Owner: auto_admin
--

ALTER TABLE ONLY public.auth_permission
    ADD CONSTRAINT auth_permission_content_type_id_codename_01ab375a_uniq UNIQUE (content_type_id, codename);


--
-- Name: auth_permission auth_permission_pkey; Type: CONSTRAINT; Schema: public; Owner: auto_admin
--

ALTER TABLE ONLY public.auth_permission
    ADD CONSTRAINT auth_permission_pkey PRIMARY KEY (id);


--
-- Name: auth_user_groups auth_user_groups_pkey; Type: CONSTRAINT; Schema: public; Owner: auto_admin
--

ALTER TABLE ONLY public.auth_user_groups
    ADD CONSTRAINT auth_user_groups_pkey PRIMARY KEY (id);


--
-- Name: auth_user_groups auth_user_groups_user_id_group_id_94350c0c_uniq; Type: CONSTRAINT; Schema: public; Owner: auto_admin
--

ALTER TABLE ONLY public.auth_user_groups
    ADD CONSTRAINT auth_user_groups_user_id_group_id_94350c0c_uniq UNIQUE (user_id, group_id);


--
-- Name: auth_user auth_user_pkey; Type: CONSTRAINT; Schema: public; Owner: auto_admin
--

ALTER TABLE ONLY public.auth_user
    ADD CONSTRAINT auth_user_pkey PRIMARY KEY (id);


--
-- Name: auth_user_user_permissions auth_user_user_permissions_pkey; Type: CONSTRAINT; Schema: public; Owner: auto_admin
--

ALTER TABLE ONLY public.auth_user_user_permissions
    ADD CONSTRAINT auth_user_user_permissions_pkey PRIMARY KEY (id);


--
-- Name: auth_user_user_permissions auth_user_user_permissions_user_id_permission_id_14a6b632_uniq; Type: CONSTRAINT; Schema: public; Owner: auto_admin
--

ALTER TABLE ONLY public.auth_user_user_permissions
    ADD CONSTRAINT auth_user_user_permissions_user_id_permission_id_14a6b632_uniq UNIQUE (user_id, permission_id);


--
-- Name: auth_user auth_user_username_key; Type: CONSTRAINT; Schema: public; Owner: auto_admin
--

ALTER TABLE ONLY public.auth_user
    ADD CONSTRAINT auth_user_username_key UNIQUE (username);


--
-- Name: django_admin_log django_admin_log_pkey; Type: CONSTRAINT; Schema: public; Owner: auto_admin
--

ALTER TABLE ONLY public.django_admin_log
    ADD CONSTRAINT django_admin_log_pkey PRIMARY KEY (id);


--
-- Name: django_content_type django_content_type_app_label_model_76bd3d3b_uniq; Type: CONSTRAINT; Schema: public; Owner: auto_admin
--

ALTER TABLE ONLY public.django_content_type
    ADD CONSTRAINT django_content_type_app_label_model_76bd3d3b_uniq UNIQUE (app_label, model);


--
-- Name: django_content_type django_content_type_pkey; Type: CONSTRAINT; Schema: public; Owner: auto_admin
--

ALTER TABLE ONLY public.django_content_type
    ADD CONSTRAINT django_content_type_pkey PRIMARY KEY (id);


--
-- Name: django_migrations django_migrations_pkey; Type: CONSTRAINT; Schema: public; Owner: auto_admin
--

ALTER TABLE ONLY public.django_migrations
    ADD CONSTRAINT django_migrations_pkey PRIMARY KEY (id);


--
-- Name: django_session django_session_pkey; Type: CONSTRAINT; Schema: public; Owner: auto_admin
--

ALTER TABLE ONLY public.django_session
    ADD CONSTRAINT django_session_pkey PRIMARY KEY (session_key);


--
-- Name: equipment_equipment equipment_equipment_pkey; Type: CONSTRAINT; Schema: public; Owner: auto_admin
--

ALTER TABLE ONLY public.equipment_equipment
    ADD CONSTRAINT equipment_equipment_pkey PRIMARY KEY (id);


--
-- Name: equipment_equipmentgroup_equipment equipment_equipmentgroup_equipment_pkey; Type: CONSTRAINT; Schema: public; Owner: auto_admin
--

ALTER TABLE ONLY public.equipment_equipmentgroup_equipment
    ADD CONSTRAINT equipment_equipmentgroup_equipment_pkey PRIMARY KEY (id);


--
-- Name: equipment_equipmentgroup_equipment equipment_equipmentgroup_equipmentgroup_id_equipm_d38642f1_uniq; Type: CONSTRAINT; Schema: public; Owner: auto_admin
--

ALTER TABLE ONLY public.equipment_equipmentgroup_equipment
    ADD CONSTRAINT equipment_equipmentgroup_equipmentgroup_id_equipm_d38642f1_uniq UNIQUE (equipmentgroup_id, equipment_id);


--
-- Name: equipment_equipmentgroup equipment_equipmentgroup_pkey; Type: CONSTRAINT; Schema: public; Owner: auto_admin
--

ALTER TABLE ONLY public.equipment_equipmentgroup
    ADD CONSTRAINT equipment_equipmentgroup_pkey PRIMARY KEY (id);


--
-- Name: organization_organization organization_organization_pkey; Type: CONSTRAINT; Schema: public; Owner: auto_admin
--

ALTER TABLE ONLY public.organization_organization
    ADD CONSTRAINT organization_organization_pkey PRIMARY KEY (id);


--
-- Name: vehicles_customerdata vehicles_customerdata_vehicle_id_76d8edf2_uniq; Type: CONSTRAINT; Schema: public; Owner: auto_admin
--

ALTER TABLE ONLY public.vehicles_customerdata
    ADD CONSTRAINT vehicles_customerdata_vehicle_id_76d8edf2_uniq UNIQUE (vehicle_id);


--
-- Name: vehicles_electricmachine vehicles_electricmachine_pkey; Type: CONSTRAINT; Schema: public; Owner: auto_admin
--

ALTER TABLE ONLY public.vehicles_electricmachine
    ADD CONSTRAINT vehicles_electricmachine_pkey PRIMARY KEY (id);


--
-- Name: vehicles_electricmotor vehicles_electricmotor_pkey; Type: CONSTRAINT; Schema: public; Owner: auto_admin
--

ALTER TABLE ONLY public.vehicles_electricmotor
    ADD CONSTRAINT vehicles_electricmotor_pkey PRIMARY KEY (id);


--
-- Name: vehicles_seatrow vehicles_seatrow_pkey; Type: CONSTRAINT; Schema: public; Owner: auto_admin
--

ALTER TABLE ONLY public.vehicles_seatrow
    ADD CONSTRAINT vehicles_seatrow_pkey PRIMARY KEY (id);


--
-- Name: vehicles_testdata vehicles_testdata_pkey; Type: CONSTRAINT; Schema: public; Owner: auto_admin
--

ALTER TABLE ONLY public.vehicles_testdata
    ADD CONSTRAINT vehicles_testdata_pkey PRIMARY KEY (id);


--
-- Name: vehicles_testdata vehicles_testdata_vehicle_id_69310c7e_uniq; Type: CONSTRAINT; Schema: public; Owner: auto_admin
--

ALTER TABLE ONLY public.vehicles_testdata
    ADD CONSTRAINT vehicles_testdata_vehicle_id_69310c7e_uniq UNIQUE (vehicle_id);


--
-- Name: vehicles_vehicle vehicles_vehicle_pkey; Type: CONSTRAINT; Schema: public; Owner: auto_admin
--

ALTER TABLE ONLY public.vehicles_vehicle
    ADD CONSTRAINT vehicles_vehicle_pkey PRIMARY KEY (id);


--
-- Name: vehicles_vehiclephoto vehicles_vehiclephoto_pkey; Type: CONSTRAINT; Schema: public; Owner: auto_admin
--

ALTER TABLE ONLY public.vehicles_vehiclephoto
    ADD CONSTRAINT vehicles_vehiclephoto_pkey PRIMARY KEY (id);


--
-- Name: vehicles_vehicleprotocol vehicles_vehicleprotocol_pkey; Type: CONSTRAINT; Schema: public; Owner: auto_admin
--

ALTER TABLE ONLY public.vehicles_vehicleprotocol
    ADD CONSTRAINT vehicles_vehicleprotocol_pkey PRIMARY KEY (id);


--
-- Name: vehicles_vehicleprotocol vehicles_vehicleprotocol_vehicle_id_protocol_type_e21c753d_uniq; Type: CONSTRAINT; Schema: public; Owner: auto_admin
--

ALTER TABLE ONLY public.vehicles_vehicleprotocol
    ADD CONSTRAINT vehicles_vehicleprotocol_vehicle_id_protocol_type_e21c753d_uniq UNIQUE (vehicle_id, protocol_type);


--
-- Name: vehicles_customerdata vehicles_сustomerdata_pkey; Type: CONSTRAINT; Schema: public; Owner: auto_admin
--

ALTER TABLE ONLY public.vehicles_customerdata
    ADD CONSTRAINT "vehicles_сustomerdata_pkey" PRIMARY KEY (id);


--
-- Name: auth_group_name_a6ea08ec_like; Type: INDEX; Schema: public; Owner: auto_admin
--

CREATE INDEX auth_group_name_a6ea08ec_like ON public.auth_group USING btree (name varchar_pattern_ops);


--
-- Name: auth_group_permissions_group_id_b120cbf9; Type: INDEX; Schema: public; Owner: auto_admin
--

CREATE INDEX auth_group_permissions_group_id_b120cbf9 ON public.auth_group_permissions USING btree (group_id);


--
-- Name: auth_group_permissions_permission_id_84c5c92e; Type: INDEX; Schema: public; Owner: auto_admin
--

CREATE INDEX auth_group_permissions_permission_id_84c5c92e ON public.auth_group_permissions USING btree (permission_id);


--
-- Name: auth_permission_content_type_id_2f476e4b; Type: INDEX; Schema: public; Owner: auto_admin
--

CREATE INDEX auth_permission_content_type_id_2f476e4b ON public.auth_permission USING btree (content_type_id);


--
-- Name: auth_user_groups_group_id_97559544; Type: INDEX; Schema: public; Owner: auto_admin
--

CREATE INDEX auth_user_groups_group_id_97559544 ON public.auth_user_groups USING btree (group_id);


--
-- Name: auth_user_groups_user_id_6a12ed8b; Type: INDEX; Schema: public; Owner: auto_admin
--

CREATE INDEX auth_user_groups_user_id_6a12ed8b ON public.auth_user_groups USING btree (user_id);


--
-- Name: auth_user_user_permissions_permission_id_1fbb5f2c; Type: INDEX; Schema: public; Owner: auto_admin
--

CREATE INDEX auth_user_user_permissions_permission_id_1fbb5f2c ON public.auth_user_user_permissions USING btree (permission_id);


--
-- Name: auth_user_user_permissions_user_id_a95ead1b; Type: INDEX; Schema: public; Owner: auto_admin
--

CREATE INDEX auth_user_user_permissions_user_id_a95ead1b ON public.auth_user_user_permissions USING btree (user_id);


--
-- Name: auth_user_username_6821ab7c_like; Type: INDEX; Schema: public; Owner: auto_admin
--

CREATE INDEX auth_user_username_6821ab7c_like ON public.auth_user USING btree (username varchar_pattern_ops);


--
-- Name: django_admin_log_content_type_id_c4bce8eb; Type: INDEX; Schema: public; Owner: auto_admin
--

CREATE INDEX django_admin_log_content_type_id_c4bce8eb ON public.django_admin_log USING btree (content_type_id);


--
-- Name: django_admin_log_user_id_c564eba6; Type: INDEX; Schema: public; Owner: auto_admin
--

CREATE INDEX django_admin_log_user_id_c564eba6 ON public.django_admin_log USING btree (user_id);


--
-- Name: django_session_expire_date_a5c62663; Type: INDEX; Schema: public; Owner: auto_admin
--

CREATE INDEX django_session_expire_date_a5c62663 ON public.django_session USING btree (expire_date);


--
-- Name: django_session_session_key_c0390e0f_like; Type: INDEX; Schema: public; Owner: auto_admin
--

CREATE INDEX django_session_session_key_c0390e0f_like ON public.django_session USING btree (session_key varchar_pattern_ops);


--
-- Name: equipment_e_equipme_62c16a_idx; Type: INDEX; Schema: public; Owner: auto_admin
--

CREATE INDEX equipment_e_equipme_62c16a_idx ON public.equipment_equipment USING btree (equipment_type, name);


--
-- Name: equipment_e_srok_po_b1ce13_idx; Type: INDEX; Schema: public; Owner: auto_admin
--

CREATE INDEX equipment_e_srok_po_b1ce13_idx ON public.equipment_equipment USING btree (srok_poverk);


--
-- Name: equipment_equipmentgroup_equipment_equipment_id_bcbf69b8; Type: INDEX; Schema: public; Owner: auto_admin
--

CREATE INDEX equipment_equipmentgroup_equipment_equipment_id_bcbf69b8 ON public.equipment_equipmentgroup_equipment USING btree (equipment_id);


--
-- Name: equipment_equipmentgroup_equipment_equipmentgroup_id_7949e9af; Type: INDEX; Schema: public; Owner: auto_admin
--

CREATE INDEX equipment_equipmentgroup_equipment_equipmentgroup_id_7949e9af ON public.equipment_equipmentgroup_equipment USING btree (equipmentgroup_id);


--
-- Name: vehicles_electricmachine_vehicle_id_9711e76e; Type: INDEX; Schema: public; Owner: auto_admin
--

CREATE INDEX vehicles_electricmachine_vehicle_id_9711e76e ON public.vehicles_electricmachine USING btree (vehicle_id);


--
-- Name: vehicles_electricmotor_vehicle_id_219b3222; Type: INDEX; Schema: public; Owner: auto_admin
--

CREATE INDEX vehicles_electricmotor_vehicle_id_219b3222 ON public.vehicles_electricmotor USING btree (vehicle_id);


--
-- Name: vehicles_seatrow_vehicle_id_4b50a53f; Type: INDEX; Schema: public; Owner: auto_admin
--

CREATE INDEX vehicles_seatrow_vehicle_id_4b50a53f ON public.vehicles_seatrow USING btree (vehicle_id);


--
-- Name: vehicles_vehiclephoto_vehicle_id_810e101a; Type: INDEX; Schema: public; Owner: auto_admin
--

CREATE INDEX vehicles_vehiclephoto_vehicle_id_810e101a ON public.vehicles_vehiclephoto USING btree (vehicle_id);


--
-- Name: vehicles_vehicleprotocol_vehicle_id_29c492f8; Type: INDEX; Schema: public; Owner: auto_admin
--

CREATE INDEX vehicles_vehicleprotocol_vehicle_id_29c492f8 ON public.vehicles_vehicleprotocol USING btree (vehicle_id);


--
-- Name: auth_group_permissions auth_group_permissio_permission_id_84c5c92e_fk_auth_perm; Type: FK CONSTRAINT; Schema: public; Owner: auto_admin
--

ALTER TABLE ONLY public.auth_group_permissions
    ADD CONSTRAINT auth_group_permissio_permission_id_84c5c92e_fk_auth_perm FOREIGN KEY (permission_id) REFERENCES public.auth_permission(id) DEFERRABLE INITIALLY DEFERRED;


--
-- Name: auth_group_permissions auth_group_permissions_group_id_b120cbf9_fk_auth_group_id; Type: FK CONSTRAINT; Schema: public; Owner: auto_admin
--

ALTER TABLE ONLY public.auth_group_permissions
    ADD CONSTRAINT auth_group_permissions_group_id_b120cbf9_fk_auth_group_id FOREIGN KEY (group_id) REFERENCES public.auth_group(id) DEFERRABLE INITIALLY DEFERRED;


--
-- Name: auth_permission auth_permission_content_type_id_2f476e4b_fk_django_co; Type: FK CONSTRAINT; Schema: public; Owner: auto_admin
--

ALTER TABLE ONLY public.auth_permission
    ADD CONSTRAINT auth_permission_content_type_id_2f476e4b_fk_django_co FOREIGN KEY (content_type_id) REFERENCES public.django_content_type(id) DEFERRABLE INITIALLY DEFERRED;


--
-- Name: auth_user_groups auth_user_groups_group_id_97559544_fk_auth_group_id; Type: FK CONSTRAINT; Schema: public; Owner: auto_admin
--

ALTER TABLE ONLY public.auth_user_groups
    ADD CONSTRAINT auth_user_groups_group_id_97559544_fk_auth_group_id FOREIGN KEY (group_id) REFERENCES public.auth_group(id) DEFERRABLE INITIALLY DEFERRED;


--
-- Name: auth_user_groups auth_user_groups_user_id_6a12ed8b_fk_auth_user_id; Type: FK CONSTRAINT; Schema: public; Owner: auto_admin
--

ALTER TABLE ONLY public.auth_user_groups
    ADD CONSTRAINT auth_user_groups_user_id_6a12ed8b_fk_auth_user_id FOREIGN KEY (user_id) REFERENCES public.auth_user(id) DEFERRABLE INITIALLY DEFERRED;


--
-- Name: auth_user_user_permissions auth_user_user_permi_permission_id_1fbb5f2c_fk_auth_perm; Type: FK CONSTRAINT; Schema: public; Owner: auto_admin
--

ALTER TABLE ONLY public.auth_user_user_permissions
    ADD CONSTRAINT auth_user_user_permi_permission_id_1fbb5f2c_fk_auth_perm FOREIGN KEY (permission_id) REFERENCES public.auth_permission(id) DEFERRABLE INITIALLY DEFERRED;


--
-- Name: auth_user_user_permissions auth_user_user_permissions_user_id_a95ead1b_fk_auth_user_id; Type: FK CONSTRAINT; Schema: public; Owner: auto_admin
--

ALTER TABLE ONLY public.auth_user_user_permissions
    ADD CONSTRAINT auth_user_user_permissions_user_id_a95ead1b_fk_auth_user_id FOREIGN KEY (user_id) REFERENCES public.auth_user(id) DEFERRABLE INITIALLY DEFERRED;


--
-- Name: django_admin_log django_admin_log_content_type_id_c4bce8eb_fk_django_co; Type: FK CONSTRAINT; Schema: public; Owner: auto_admin
--

ALTER TABLE ONLY public.django_admin_log
    ADD CONSTRAINT django_admin_log_content_type_id_c4bce8eb_fk_django_co FOREIGN KEY (content_type_id) REFERENCES public.django_content_type(id) DEFERRABLE INITIALLY DEFERRED;


--
-- Name: django_admin_log django_admin_log_user_id_c564eba6_fk_auth_user_id; Type: FK CONSTRAINT; Schema: public; Owner: auto_admin
--

ALTER TABLE ONLY public.django_admin_log
    ADD CONSTRAINT django_admin_log_user_id_c564eba6_fk_auth_user_id FOREIGN KEY (user_id) REFERENCES public.auth_user(id) DEFERRABLE INITIALLY DEFERRED;


--
-- Name: equipment_equipmentgroup_equipment equipment_equipmentg_equipment_id_bcbf69b8_fk_equipment; Type: FK CONSTRAINT; Schema: public; Owner: auto_admin
--

ALTER TABLE ONLY public.equipment_equipmentgroup_equipment
    ADD CONSTRAINT equipment_equipmentg_equipment_id_bcbf69b8_fk_equipment FOREIGN KEY (equipment_id) REFERENCES public.equipment_equipment(id) DEFERRABLE INITIALLY DEFERRED;


--
-- Name: equipment_equipmentgroup_equipment equipment_equipmentg_equipmentgroup_id_7949e9af_fk_equipment; Type: FK CONSTRAINT; Schema: public; Owner: auto_admin
--

ALTER TABLE ONLY public.equipment_equipmentgroup_equipment
    ADD CONSTRAINT equipment_equipmentg_equipmentgroup_id_7949e9af_fk_equipment FOREIGN KEY (equipmentgroup_id) REFERENCES public.equipment_equipmentgroup(id) DEFERRABLE INITIALLY DEFERRED;


--
-- Name: vehicles_customerdata vehicles_customerdat_vehicle_id_76d8edf2_fk_vehicles_; Type: FK CONSTRAINT; Schema: public; Owner: auto_admin
--

ALTER TABLE ONLY public.vehicles_customerdata
    ADD CONSTRAINT vehicles_customerdat_vehicle_id_76d8edf2_fk_vehicles_ FOREIGN KEY (vehicle_id) REFERENCES public.vehicles_vehicle(id) DEFERRABLE INITIALLY DEFERRED;


--
-- Name: vehicles_electricmachine vehicles_electricmac_vehicle_id_9711e76e_fk_vehicles_; Type: FK CONSTRAINT; Schema: public; Owner: auto_admin
--

ALTER TABLE ONLY public.vehicles_electricmachine
    ADD CONSTRAINT vehicles_electricmac_vehicle_id_9711e76e_fk_vehicles_ FOREIGN KEY (vehicle_id) REFERENCES public.vehicles_vehicle(id) DEFERRABLE INITIALLY DEFERRED;


--
-- Name: vehicles_electricmotor vehicles_electricmot_vehicle_id_219b3222_fk_vehicles_; Type: FK CONSTRAINT; Schema: public; Owner: auto_admin
--

ALTER TABLE ONLY public.vehicles_electricmotor
    ADD CONSTRAINT vehicles_electricmot_vehicle_id_219b3222_fk_vehicles_ FOREIGN KEY (vehicle_id) REFERENCES public.vehicles_vehicle(id) DEFERRABLE INITIALLY DEFERRED;


--
-- Name: vehicles_seatrow vehicles_seatrow_vehicle_id_4b50a53f_fk_vehicles_vehicle_id; Type: FK CONSTRAINT; Schema: public; Owner: auto_admin
--

ALTER TABLE ONLY public.vehicles_seatrow
    ADD CONSTRAINT vehicles_seatrow_vehicle_id_4b50a53f_fk_vehicles_vehicle_id FOREIGN KEY (vehicle_id) REFERENCES public.vehicles_vehicle(id) DEFERRABLE INITIALLY DEFERRED;


--
-- Name: vehicles_testdata vehicles_testdata_vehicle_id_69310c7e_fk_vehicles_vehicle_id; Type: FK CONSTRAINT; Schema: public; Owner: auto_admin
--

ALTER TABLE ONLY public.vehicles_testdata
    ADD CONSTRAINT vehicles_testdata_vehicle_id_69310c7e_fk_vehicles_vehicle_id FOREIGN KEY (vehicle_id) REFERENCES public.vehicles_vehicle(id) DEFERRABLE INITIALLY DEFERRED;


--
-- Name: vehicles_vehiclephoto vehicles_vehiclephot_vehicle_id_810e101a_fk_vehicles_; Type: FK CONSTRAINT; Schema: public; Owner: auto_admin
--

ALTER TABLE ONLY public.vehicles_vehiclephoto
    ADD CONSTRAINT vehicles_vehiclephot_vehicle_id_810e101a_fk_vehicles_ FOREIGN KEY (vehicle_id) REFERENCES public.vehicles_vehicle(id) DEFERRABLE INITIALLY DEFERRED;


--
-- Name: vehicles_vehicleprotocol vehicles_vehicleprot_vehicle_id_29c492f8_fk_vehicles_; Type: FK CONSTRAINT; Schema: public; Owner: auto_admin
--

ALTER TABLE ONLY public.vehicles_vehicleprotocol
    ADD CONSTRAINT vehicles_vehicleprot_vehicle_id_29c492f8_fk_vehicles_ FOREIGN KEY (vehicle_id) REFERENCES public.vehicles_vehicle(id) DEFERRABLE INITIALLY DEFERRED;


--
-- PostgreSQL database dump complete
--

